
firmware.elf:     file format elf32-littleriscv


Disassembly of section .text:

02000000 <_start>:
.macro MASKIRQ rd, rs
    .insn r 0x0b, 6, 3, \rd, \rs, x0
.endm

_start:
    j   _reset
 2000000:	a809                	j	2000012 <_reset>
	...

02000010 <_irq_vec>:

/* Vettore IRQ: l'IP (PROGADDR_IRQ = 0x10) salta qui quando arriva un IRQ.
 * Qui c'e' solo un salto alla ISR vera (sotto). */
.org 0x10
_irq_vec:
    j   _irq
 2000010:	a8b9                	j	200006e <_irq>

02000012 <_reset>:

_reset:
    la      sp, _stack_top
 2000012:	ff004117          	auipc	sp,0xff004
 2000016:	fee10113          	addi	sp,sp,-18 # 1004000 <_stack_top>

    /* azzera .bss */
    la      t0, _bss_start
 200001a:	ff000297          	auipc	t0,0xff000
 200001e:	00628293          	addi	t0,t0,6 # 1000020 <dbgbuf>
    la      t1, _bss_end
 2000022:	ff001317          	auipc	t1,0xff001
 2000026:	04630313          	addi	t1,t1,70 # 1001068 <last.0>

0200002a <.zero_bss>:
.zero_bss:
    bge     t0, t1, .bss_done
 200002a:	0062d663          	bge	t0,t1,2000036 <.bss_done>
    sw      zero, 0(t0)
 200002e:	0002a023          	sw	zero,0(t0)
    addi    t0, t0, 4
 2000032:	0291                	addi	t0,t0,4
    j       .zero_bss
 2000034:	bfdd                	j	200002a <.zero_bss>

02000036 <.bss_done>:
.bss_done:

    /* copia .data (LMA -> VMA) */
    la      t0, _data_lma
 2000036:	00003297          	auipc	t0,0x3
 200003a:	5fe28293          	addi	t0,t0,1534 # 2003634 <_data_lma>
    la      t1, _data_start
 200003e:	ff000317          	auipc	t1,0xff000
 2000042:	fc230313          	addi	t1,t1,-62 # 1000000 <g_cols>
    la      t2, _data_end
 2000046:	ff000397          	auipc	t2,0xff000
 200004a:	fc338393          	addi	t2,t2,-61 # 1000009 <_data_end>

0200004e <.copy_data>:
.copy_data:
    bge     t1, t2, .data_done
 200004e:	00735963          	bge	t1,t2,2000060 <.data_done>
    lw      t3, 0(t0)
 2000052:	0002ae03          	lw	t3,0(t0)
    sw      t3, 0(t1)
 2000056:	01c32023          	sw	t3,0(t1)
    addi    t0, t0, 4
 200005a:	0291                	addi	t0,t0,4
    addi    t1, t1, 4
 200005c:	0311                	addi	t1,t1,4
    j       .copy_data
 200005e:	bfc5                	j	200004e <.copy_data>

02000060 <.data_done>:
.data_done:

    /* Smaschera SOLO il bit 20 (FFT done): serve al decode. Gli altri IRQ restano
     * mascherati. La ISR chiama irq_handler() (alza g_frame_ready). Emit: 0xFFFFFFFF. */
    li      t0, 0xFFEFFFFF
 2000060:	fff002b7          	lui	t0,0xfff00
 2000064:	12fd                	addi	t0,t0,-1 # ffefffff <_data_lma+0xfdefc9cb>
    MASKIRQ x0, t0
 2000066:	0602e00b          	.insn	4, 0x0602e00b

    call    main
 200006a:	2a31                	jal	2000186 <main>

0200006c <.hang>:

.hang:
    j       .hang
 200006c:	a001                	j	200006c <.hang>

0200006e <_irq>:
 * li preserva irq_handler per ABI). Il PC di ritorno lo tiene l'IP e lo
 * ripristina retirq, quindi non va salvato. picorv32 blocca gli IRQ annidati
 * finche' non si fa retirq, percio' la ISR non e' rientrante (ok).
 * ============================================================ */
_irq:
    addi    sp, sp, -64
 200006e:	7139                	addi	sp,sp,-64
    sw      ra,  0(sp)
 2000070:	c006                	sw	ra,0(sp)
    sw      t0,  4(sp)
 2000072:	c216                	sw	t0,4(sp)
    sw      t1,  8(sp)
 2000074:	c41a                	sw	t1,8(sp)
    sw      t2, 12(sp)
 2000076:	c61e                	sw	t2,12(sp)
    sw      a0, 16(sp)
 2000078:	c82a                	sw	a0,16(sp)
    sw      a1, 20(sp)
 200007a:	ca2e                	sw	a1,20(sp)
    sw      a2, 24(sp)
 200007c:	cc32                	sw	a2,24(sp)
    sw      a3, 28(sp)
 200007e:	ce36                	sw	a3,28(sp)
    sw      a4, 32(sp)
 2000080:	d03a                	sw	a4,32(sp)
    sw      a5, 36(sp)
 2000082:	d23e                	sw	a5,36(sp)
    sw      a6, 40(sp)
 2000084:	d442                	sw	a6,40(sp)
    sw      a7, 44(sp)
 2000086:	d646                	sw	a7,44(sp)
    sw      t3, 48(sp)
 2000088:	d872                	sw	t3,48(sp)
    sw      t4, 52(sp)
 200008a:	da76                	sw	t4,52(sp)
    sw      t5, 56(sp)
 200008c:	dc7a                	sw	t5,56(sp)
    sw      t6, 60(sp)
 200008e:	de7e                	sw	t6,60(sp)

    jal     irq_handler          /* void irq_handler(void) -> setta g_frame_ready */
 2000090:	0f4000ef          	jal	2000184 <irq_handler>

    lw      ra,  0(sp)
 2000094:	4082                	lw	ra,0(sp)
    lw      t0,  4(sp)
 2000096:	4292                	lw	t0,4(sp)
    lw      t1,  8(sp)
 2000098:	4322                	lw	t1,8(sp)
    lw      t2, 12(sp)
 200009a:	43b2                	lw	t2,12(sp)
    lw      a0, 16(sp)
 200009c:	4542                	lw	a0,16(sp)
    lw      a1, 20(sp)
 200009e:	45d2                	lw	a1,20(sp)
    lw      a2, 24(sp)
 20000a0:	4662                	lw	a2,24(sp)
    lw      a3, 28(sp)
 20000a2:	46f2                	lw	a3,28(sp)
    lw      a4, 32(sp)
 20000a4:	5702                	lw	a4,32(sp)
    lw      a5, 36(sp)
 20000a6:	5792                	lw	a5,36(sp)
    lw      a6, 40(sp)
 20000a8:	5822                	lw	a6,40(sp)
    lw      a7, 44(sp)
 20000aa:	58b2                	lw	a7,44(sp)
    lw      t3, 48(sp)
 20000ac:	5e42                	lw	t3,48(sp)
    lw      t4, 52(sp)
 20000ae:	5ed2                	lw	t4,52(sp)
    lw      t5, 56(sp)
 20000b0:	5f62                	lw	t5,56(sp)
    lw      t6, 60(sp)
 20000b2:	5ff2                	lw	t6,60(sp)
    addi    sp, sp, 64
 20000b4:	6121                	addi	sp,sp,64

    RETIRQ
 20000b6:	0400000b          	.insn	4, 0x0400000b

020000ba <dbg_begin>:
    UARTEXT_DIV   = clk_hz / baud;
    UARTEXT_CFG   = cfg;
    UARTEXT_START = 1;
}
static inline void uartext_putchar(char c) {
    while (UARTEXT_STATUS & 0x1u) {}   /* attende tx_busy=0 (letture bus ora funzionano) */
 20000ba:	20000737          	lui	a4,0x20000
 20000be:	0751                	addi	a4,a4,20 # 20000014 <_data_lma+0x1dffc9e0>
 20000c0:	431c                	lw	a5,0(a4)
 20000c2:	8b85                	andi	a5,a5,1
 20000c4:	fff5                	bnez	a5,20000c0 <dbg_begin+0x6>
    UARTEXT_DATA = (uint8_t)c;
 20000c6:	200007b7          	lui	a5,0x20000
 20000ca:	02400713          	li	a4,36
 20000ce:	c398                	sw	a4,0(a5)

/* debug log: 1 = manda i dump diagnostici sul canale $...\n (DEC/PK, SYS/ACC, MAX/F...);
 * 0 = li tace. Non e' piu' una costante: vive nei settings in NOR (b[19], g_nor_debug
 * di norflash.c) e si cambia dalla dashboard (applicato al boot e a ogni save). */

static void dbg_begin(void) { uartext_putchar('$'); }
 20000d0:	8082                	ret

020000d2 <dbg_end>:
    while (UARTEXT_STATUS & 0x1u) {}   /* attende tx_busy=0 (letture bus ora funzionano) */
 20000d2:	20000737          	lui	a4,0x20000
 20000d6:	0751                	addi	a4,a4,20 # 20000014 <_data_lma+0x1dffc9e0>
 20000d8:	431c                	lw	a5,0(a4)
 20000da:	8b85                	andi	a5,a5,1
 20000dc:	fff5                	bnez	a5,20000d8 <dbg_end+0x6>
    UARTEXT_DATA = (uint8_t)c;
 20000de:	200007b7          	lui	a5,0x20000
 20000e2:	4729                	li	a4,10
 20000e4:	c398                	sw	a4,0(a5)
static void dbg_end(void)   { uartext_putchar('\n'); }
 20000e6:	8082                	ret

020000e8 <dbg_str>:
static void dbg_str(const char *s) { while (*s) uartext_putchar(*s++); }
 20000e8:	00054683          	lbu	a3,0(a0)
 20000ec:	ce91                	beqz	a3,2000108 <dbg_str+0x20>
    while (UARTEXT_STATUS & 0x1u) {}   /* attende tx_busy=0 (letture bus ora funzionano) */
 20000ee:	20000737          	lui	a4,0x20000
 20000f2:	0751                	addi	a4,a4,20 # 20000014 <_data_lma+0x1dffc9e0>
    UARTEXT_DATA = (uint8_t)c;
 20000f4:	20000637          	lui	a2,0x20000
 20000f8:	0505                	addi	a0,a0,1
    while (UARTEXT_STATUS & 0x1u) {}   /* attende tx_busy=0 (letture bus ora funzionano) */
 20000fa:	431c                	lw	a5,0(a4)
 20000fc:	8b85                	andi	a5,a5,1
 20000fe:	fff5                	bnez	a5,20000fa <dbg_str+0x12>
    UARTEXT_DATA = (uint8_t)c;
 2000100:	c214                	sw	a3,0(a2)
 2000102:	00054683          	lbu	a3,0(a0)
 2000106:	faed                	bnez	a3,20000f8 <dbg_str+0x10>
 2000108:	8082                	ret

0200010a <put_u32>:
static void put_u32(uint32_t v) {
 200010a:	1141                	addi	sp,sp,-16
    char b[10]; int i = 0;
 200010c:	4681                	li	a3,0
    if (v == 0) { uartext_putchar('0'); return; }
    while (v) { b[i++] = (char)('0' + (v % 10u)); v /= 10u; }
 200010e:	00410893          	addi	a7,sp,4
 2000112:	ccccd5b7          	lui	a1,0xccccd
 2000116:	ccd58593          	addi	a1,a1,-819 # cccccccd <_data_lma+0xcacc9699>
 200011a:	4825                	li	a6,9
    if (v == 0) { uartext_putchar('0'); return; }
 200011c:	c921                	beqz	a0,200016c <put_u32+0x62>
    while (v) { b[i++] = (char)('0' + (v % 10u)); v /= 10u; }
 200011e:	0685                	addi	a3,a3,1
 2000120:	00d88633          	add	a2,a7,a3
 2000124:	02b53733          	mulhu	a4,a0,a1
 2000128:	830d                	srli	a4,a4,0x3
 200012a:	00271793          	slli	a5,a4,0x2
 200012e:	97ba                	add	a5,a5,a4
 2000130:	0786                	slli	a5,a5,0x1
 2000132:	40f507b3          	sub	a5,a0,a5
 2000136:	03078793          	addi	a5,a5,48 # 20000030 <_data_lma+0x1dffc9fc>
 200013a:	fef60fa3          	sb	a5,-1(a2) # 1fffffff <_data_lma+0x1dffc9cb>
 200013e:	87aa                	mv	a5,a0
 2000140:	853a                	mv	a0,a4
 2000142:	fcf86ee3          	bltu	a6,a5,200011e <put_u32+0x14>
    while (i) uartext_putchar(b[--i]);
 2000146:	c28d                	beqz	a3,2000168 <put_u32+0x5e>
 2000148:	004c                	addi	a1,sp,4
 200014a:	96ae                	add	a3,a3,a1
    while (UARTEXT_STATUS & 0x1u) {}   /* attende tx_busy=0 (letture bus ora funzionano) */
 200014c:	20000737          	lui	a4,0x20000
 2000150:	0751                	addi	a4,a4,20 # 20000014 <_data_lma+0x1dffc9e0>
    UARTEXT_DATA = (uint8_t)c;
 2000152:	20000537          	lui	a0,0x20000
 2000156:	fff6c603          	lbu	a2,-1(a3)
    while (UARTEXT_STATUS & 0x1u) {}   /* attende tx_busy=0 (letture bus ora funzionano) */
 200015a:	431c                	lw	a5,0(a4)
 200015c:	8b85                	andi	a5,a5,1
 200015e:	fff5                	bnez	a5,200015a <put_u32+0x50>
    UARTEXT_DATA = (uint8_t)c;
 2000160:	c110                	sw	a2,0(a0)
 2000162:	16fd                	addi	a3,a3,-1
 2000164:	fed599e3          	bne	a1,a3,2000156 <put_u32+0x4c>
}
 2000168:	0141                	addi	sp,sp,16
 200016a:	8082                	ret
    while (UARTEXT_STATUS & 0x1u) {}   /* attende tx_busy=0 (letture bus ora funzionano) */
 200016c:	20000737          	lui	a4,0x20000
 2000170:	0751                	addi	a4,a4,20 # 20000014 <_data_lma+0x1dffc9e0>
 2000172:	431c                	lw	a5,0(a4)
 2000174:	8b85                	andi	a5,a5,1
 2000176:	fff5                	bnez	a5,2000172 <put_u32+0x68>
    UARTEXT_DATA = (uint8_t)c;
 2000178:	200007b7          	lui	a5,0x20000
 200017c:	03000713          	li	a4,48
 2000180:	c398                	sw	a4,0(a5)
    if (v == 0) { uartext_putchar('0'); return; }
 2000182:	b7dd                	j	2000168 <put_u32+0x5e>

02000184 <irq_handler>:
void irq_handler(void) { }
 2000184:	8082                	ret

02000186 <main>:
    /* canale occupato se il carrier slave e' stato udito negli ultimi 3 s */
    g_channel_busy = (g_slave_seen &&
        (uint32_t)(rdcycle32() - g_slave_last) < CHANNEL_HOLD_CYCLES) ? 1 : 0;
}

int main(void) {
 2000186:	7139                	addi	sp,sp,-64
 2000188:	de06                	sw	ra,60(sp)
 200018a:	dc22                	sw	s0,56(sp)
 200018c:	da26                	sw	s1,52(sp)
 200018e:	d84a                	sw	s2,48(sp)
 2000190:	d64e                	sw	s3,44(sp)
 2000192:	d452                	sw	s4,40(sp)
 2000194:	d256                	sw	s5,36(sp)
 2000196:	d05a                	sw	s6,32(sp)
 2000198:	ce5e                	sw	s7,28(sp)
 200019a:	cc62                	sw	s8,24(sp)
 200019c:	ca66                	sw	s9,20(sp)
 200019e:	c86a                	sw	s10,16(sp)
    UARTEXT_STOP  = 1;
 20001a0:	20000737          	lui	a4,0x20000
 20001a4:	4785                	li	a5,1
 20001a6:	c71c                	sw	a5,8(a4)
    UARTEXT_DIV   = clk_hz / baud;
 20001a8:	15f00693          	li	a3,351
 20001ac:	c754                	sw	a3,12(a4)
    UARTEXT_CFG   = cfg;
 20001ae:	46e1                	li	a3,24
 20001b0:	cb14                	sw	a3,16(a4)
    UARTEXT_START = 1;
 20001b2:	c35c                	sw	a5,4(a4)
static inline int uartext_getchar_nb(void) {
    uint32_t d = UARTEXT_DATA;
    return (d & (1u << 8)) ? (int)(d & 0xFF) : -1;
}
static inline void uartext_puts(const char *s) {
    while (*s) uartext_putchar(*s++);
 20001b4:	45b5                	li	a1,13
    UARTEXT_START = 1;
 20001b6:	020037b7          	lui	a5,0x2003
 20001ba:	16078793          	addi	a5,a5,352 # 2003160 <display_tick+0x1224>
    while (UARTEXT_STATUS & 0x1u) {}   /* attende tx_busy=0 (letture bus ora funzionano) */
 20001be:	01470693          	addi	a3,a4,20 # 20000014 <_data_lma+0x1dffc9e0>
    UARTEXT_DATA = (uint8_t)c;
 20001c2:	853a                	mv	a0,a4
    while (*s) uartext_putchar(*s++);
 20001c4:	02003737          	lui	a4,0x2003
 20001c8:	17c70713          	addi	a4,a4,380 # 200317c <display_tick+0x1240>
 20001cc:	0785                	addi	a5,a5,1
    while (UARTEXT_STATUS & 0x1u) {}   /* attende tx_busy=0 (letture bus ora funzionano) */
 20001ce:	4290                	lw	a2,0(a3)
 20001d0:	8a05                	andi	a2,a2,1
 20001d2:	fe75                	bnez	a2,20001ce <main+0x48>
    UARTEXT_DATA = (uint8_t)c;
 20001d4:	c10c                	sw	a1,0(a0)
    while (*s) uartext_putchar(*s++);
 20001d6:	0007c583          	lbu	a1,0(a5)
 20001da:	fee799e3          	bne	a5,a4,20001cc <main+0x46>
    uartext_init(CPU_HZ, BAUD, UARTEXT_CFG_PARITY_NONE | UARTEXT_CFG_BITS(8));
    uartext_puts("\r\nSYSTEM UP v34 (eof-2472)\r\n");

    DMA_SETBASE = 0;       /* acceleratore audio: base + start (si auto-avvia comunque) */
 20001de:	300007b7          	lui	a5,0x30000
 20001e2:	0007a623          	sw	zero,12(a5) # 3000000c <_data_lma+0x2dffc9d8>
    DMA_START   = 1;
 20001e6:	4705                	li	a4,1
 20001e8:	c3d8                	sw	a4,4(a5)

    nor_init();            /* NOR W25Q: unlock + scan head (UART S7 + SPI S8) */
 20001ea:	57d000ef          	jal	2000f66 <nor_init>
    dm_log("BOOT OK");
 20001ee:	02003537          	lui	a0,0x2003
 20001f2:	18050513          	addi	a0,a0,384 # 2003180 <display_tick+0x1244>
 20001f6:	431010ef          	jal	2001e26 <dm_log>

    for (;;) {
        g_loops++;
 20001fa:	01001d37          	lui	s10,0x1001
    while (UARTEXT_STATUS & 0x1u) {}   /* attende tx_busy=0 (letture bus ora funzionano) */
 20001fe:	20000437          	lui	s0,0x20000
 2000202:	0451                	addi	s0,s0,20 # 20000014 <_data_lma+0x1dffc9e0>
    UARTEXT_DATA = (uint8_t)c;
 2000204:	20000ab7          	lui	s5,0x20000
 2000208:	a94d                	j	20006ba <main+0x534>
        g_sess++;
 200020a:	01001737          	lui	a4,0x1001
 200020e:	08072783          	lw	a5,128(a4) # 1001080 <g_sess>
 2000212:	0785                	addi	a5,a5,1
 2000214:	08f72023          	sw	a5,128(a4)
        if (!emit_busy() && decode_slave_carrier(g_sdram, 512)) {
 2000218:	2779                	jal	20009a6 <emit_busy>
 200021a:	cd2d                	beqz	a0,2000294 <main+0x10e>
        char d = decode_char(g_sdram, 512);
 200021c:	20000593          	li	a1,512
 2000220:	01000537          	lui	a0,0x1000
 2000224:	44050513          	addi	a0,a0,1088 # 1000440 <g_sdram>
 2000228:	113000ef          	jal	2000b3a <decode_char>
 200022c:	84aa                	mv	s1,a0
        g_ok++;
 200022e:	01001737          	lui	a4,0x1001
 2000232:	07c72783          	lw	a5,124(a4) # 100107c <g_ok>
 2000236:	0785                	addi	a5,a5,1
 2000238:	06f72e23          	sw	a5,124(a4)
        if (d >= 'A' && d <= 'C') {                          /* RX dallo slave */
 200023c:	fbf50793          	addi	a5,a0,-65
 2000240:	0ff7f793          	zext.b	a5,a5
 2000244:	4709                	li	a4,2
 2000246:	02f76d63          	bltu	a4,a5,2000280 <main+0xfa>
    while (UARTEXT_STATUS & 0x1u) {}   /* attende tx_busy=0 (letture bus ora funzionano) */
 200024a:	401c                	lw	a5,0(s0)
 200024c:	8b85                	andi	a5,a5,1
 200024e:	fff5                	bnez	a5,200024a <main+0xc4>
    UARTEXT_DATA = (uint8_t)c;
 2000250:	009aa023          	sw	s1,0(s5) # 20000000 <_data_lma+0x1dffc9cc>
            dm_note_rx(d);
 2000254:	8526                	mv	a0,s1
 2000256:	3b9010ef          	jal	2001e0e <dm_note_rx>
            { char lb[5] = { 'R', 'X', ' ', d, 0 }; dm_log(lb); }
 200025a:	05200793          	li	a5,82
 200025e:	00f10423          	sb	a5,8(sp)
 2000262:	05800793          	li	a5,88
 2000266:	00f104a3          	sb	a5,9(sp)
 200026a:	02000793          	li	a5,32
 200026e:	00f10523          	sb	a5,10(sp)
 2000272:	009105a3          	sb	s1,11(sp)
 2000276:	00010623          	sb	zero,12(sp)
 200027a:	0028                	addi	a0,sp,8
 200027c:	3ab010ef          	jal	2001e26 <dm_log>
        if (g_nor_debug) dbg_decode(1, d);
 2000280:	010017b7          	lui	a5,0x1001
 2000284:	0c47a783          	lw	a5,196(a5) # 10010c4 <g_nor_debug>
 2000288:	eb95                	bnez	a5,20002bc <main+0x136>
        g_sdram_ready = 0;                       /* consumato -> prossima cattura */
 200028a:	010017b7          	lui	a5,0x1001
 200028e:	0a07ac23          	sw	zero,184(a5) # 10010b8 <g_sdram_ready>
 2000292:	a191                	j	20006d6 <main+0x550>
        if (!emit_busy() && decode_slave_carrier(g_sdram, 512)) {
 2000294:	20000593          	li	a1,512
 2000298:	01000537          	lui	a0,0x1000
 200029c:	44050513          	addi	a0,a0,1088 # 1000440 <g_sdram>
 20002a0:	2755                	jal	2000a44 <decode_slave_carrier>
 20002a2:	dd2d                	beqz	a0,200021c <main+0x96>
#define CPU_HZ 40500000u

/* contatore cicli (ENABLE_COUNTERS=1: conta i cicli reali a 40.5 MHz) */
static inline uint32_t rdcycle32(void) {
    uint32_t c;
    __asm__ volatile ("rdcycle %0" : "=r"(c));
 20002a4:	c0002773          	rdcycle	a4
            g_slave_last = rdcycle32(); g_slave_seen = 1;
 20002a8:	010017b7          	lui	a5,0x1001
 20002ac:	06e7ac23          	sw	a4,120(a5) # 1001078 <g_slave_last>
 20002b0:	010017b7          	lui	a5,0x1001
 20002b4:	4705                	li	a4,1
 20002b6:	06e7aa23          	sw	a4,116(a5) # 1001074 <g_slave_seen>
 20002ba:	b78d                	j	200021c <main+0x96>
 20002bc:	c00026f3          	rdcycle	a3
    if ((uint32_t)(now - last) < (CPU_HZ / 4u)) return;   /* max ~4/s */
 20002c0:	010017b7          	lui	a5,0x1001
 20002c4:	0707a703          	lw	a4,112(a5) # 1001070 <last.3>
 20002c8:	40e68733          	sub	a4,a3,a4
 20002cc:	009a87b7          	lui	a5,0x9a8
 20002d0:	ec778793          	addi	a5,a5,-313 # 9a7ec7 <g_cols-0x658139>
 20002d4:	fae7fbe3          	bgeu	a5,a4,200028a <main+0x104>
    last = now;
 20002d8:	010017b7          	lui	a5,0x1001
 20002dc:	06d7a823          	sw	a3,112(a5) # 1001070 <last.3>
    dbg_begin();
 20002e0:	3be9                	jal	20000ba <dbg_begin>
        dbg_str("DEC m=");
 20002e2:	02003537          	lui	a0,0x2003
 20002e6:	18850513          	addi	a0,a0,392 # 2003188 <display_tick+0x124c>
 20002ea:	3bfd                	jal	20000e8 <dbg_str>
        for (int c = 0; c < 5; c++) {
 20002ec:	02003937          	lui	s2,0x2003
 20002f0:	3dc90913          	addi	s2,s2,988 # 20033dc <DISP_BIN>
 20002f4:	01090b93          	addi	s7,s2,16
 20002f8:	01490b13          	addi	s6,s2,20
    int16_t v = g_sdram[bin];
 20002fc:	010009b7          	lui	s3,0x1000
 2000300:	44098993          	addi	s3,s3,1088 # 1000440 <g_sdram>
 2000304:	02f00a13          	li	s4,47
 2000308:	00092783          	lw	a5,0(s2)
 200030c:	0786                	slli	a5,a5,0x1
 200030e:	97ce                	add	a5,a5,s3
    return (v < 0) ? -(int)v : (int)v;
 2000310:	00079703          	lh	a4,0(a5)
 2000314:	873d                	srai	a4,a4,0xf
 2000316:	0007d503          	lhu	a0,0(a5)
 200031a:	8d39                	xor	a0,a0,a4
 200031c:	8d19                	sub	a0,a0,a4
            put_u32((uint32_t)fft_mag(DISP_BIN[c]));
 200031e:	0542                	slli	a0,a0,0x10
 2000320:	8141                	srli	a0,a0,0x10
 2000322:	33e5                	jal	200010a <put_u32>
            if (c < 4) uartext_putchar('/');
 2000324:	01790a63          	beq	s2,s7,2000338 <main+0x1b2>
    while (UARTEXT_STATUS & 0x1u) {}   /* attende tx_busy=0 (letture bus ora funzionano) */
 2000328:	401c                	lw	a5,0(s0)
 200032a:	8b85                	andi	a5,a5,1
 200032c:	fff5                	bnez	a5,2000328 <main+0x1a2>
    UARTEXT_DATA = (uint8_t)c;
 200032e:	014aa023          	sw	s4,0(s5)
        for (int c = 0; c < 5; c++) {
 2000332:	0911                	addi	s2,s2,4
 2000334:	fd691ae3          	bne	s2,s6,2000308 <main+0x182>
        dbg_str(" d="); if (d) put_hh((uint8_t)d); else uartext_putchar('0');
 2000338:	02003537          	lui	a0,0x2003
 200033c:	19050513          	addi	a0,a0,400 # 2003190 <display_tick+0x1254>
 2000340:	3365                	jal	20000e8 <dbg_str>
 2000342:	e0ad                	bnez	s1,20003a4 <main+0x21e>
    while (UARTEXT_STATUS & 0x1u) {}   /* attende tx_busy=0 (letture bus ora funzionano) */
 2000344:	401c                	lw	a5,0(s0)
 2000346:	8b85                	andi	a5,a5,1
 2000348:	fff5                	bnez	a5,2000344 <main+0x1be>
    UARTEXT_DATA = (uint8_t)c;
 200034a:	03000793          	li	a5,48
 200034e:	00faa023          	sw	a5,0(s5)
    dbg_str(" sess="); put_u32(g_sess);
 2000352:	02003537          	lui	a0,0x2003
 2000356:	19450513          	addi	a0,a0,404 # 2003194 <display_tick+0x1258>
 200035a:	3379                	jal	20000e8 <dbg_str>
 200035c:	010017b7          	lui	a5,0x1001
 2000360:	0807a503          	lw	a0,128(a5) # 1001080 <g_sess>
 2000364:	335d                	jal	200010a <put_u32>
    dbg_str(" ok=");   put_u32(g_ok);
 2000366:	02003537          	lui	a0,0x2003
 200036a:	19c50513          	addi	a0,a0,412 # 200319c <display_tick+0x1260>
 200036e:	3bad                	jal	20000e8 <dbg_str>
 2000370:	010017b7          	lui	a5,0x1001
 2000374:	07c7a503          	lw	a0,124(a5) # 100107c <g_ok>
 2000378:	3b49                	jal	200010a <put_u32>
    dbg_str(" to=");   put_u32(g_to);
 200037a:	02003537          	lui	a0,0x2003
 200037e:	1a450513          	addi	a0,a0,420 # 20031a4 <display_tick+0x1268>
 2000382:	339d                	jal	20000e8 <dbg_str>
 2000384:	4501                	li	a0,0
 2000386:	3351                	jal	200010a <put_u32>
    dbg_end();
 2000388:	33a9                	jal	20000d2 <dbg_end>
        for (int k = 10; k < DIAG_BINS; k++) { int m = fft_mag(k); if (m > m1) { m1 = m; b1 = k; } }
 200038a:	01000737          	lui	a4,0x1000
 200038e:	45470713          	addi	a4,a4,1108 # 1000454 <g_sdram+0x14>
    dbg_end();
 2000392:	86ba                	mv	a3,a4
        int b1 = 0, m1 = 0;
 2000394:	4981                	li	s3,0
 2000396:	4581                	li	a1,0
        for (int k = 10; k < DIAG_BINS; k++) { int m = fft_mag(k); if (m > m1) { m1 = m; b1 = k; } }
 2000398:	47a9                	li	a5,10
    if (bin < 0 || bin >= 512) return 0;
 200039a:	1ff00513          	li	a0,511
        for (int k = 10; k < DIAG_BINS; k++) { int m = fft_mag(k); if (m > m1) { m1 = m; b1 = k; } }
 200039e:	04e00813          	li	a6,78
 20003a2:	a0a9                	j	20003ec <main+0x266>
    uartext_putchar(H[(b >> 4) & 0xF]); uartext_putchar(H[b & 0xF]);
 20003a4:	0044d713          	srli	a4,s1,0x4
 20003a8:	0ff77713          	zext.b	a4,a4
 20003ac:	020037b7          	lui	a5,0x2003
 20003b0:	3dc78793          	addi	a5,a5,988 # 20033dc <DISP_BIN>
 20003b4:	97ba                	add	a5,a5,a4
 20003b6:	0147c703          	lbu	a4,20(a5)
    while (UARTEXT_STATUS & 0x1u) {}   /* attende tx_busy=0 (letture bus ora funzionano) */
 20003ba:	401c                	lw	a5,0(s0)
 20003bc:	8b85                	andi	a5,a5,1
 20003be:	fff5                	bnez	a5,20003ba <main+0x234>
    UARTEXT_DATA = (uint8_t)c;
 20003c0:	00eaa023          	sw	a4,0(s5)
 20003c4:	88bd                	andi	s1,s1,15
 20003c6:	020037b7          	lui	a5,0x2003
 20003ca:	3dc78793          	addi	a5,a5,988 # 20033dc <DISP_BIN>
 20003ce:	97a6                	add	a5,a5,s1
 20003d0:	0147c703          	lbu	a4,20(a5)
    while (UARTEXT_STATUS & 0x1u) {}   /* attende tx_busy=0 (letture bus ora funzionano) */
 20003d4:	401c                	lw	a5,0(s0)
 20003d6:	8b85                	andi	a5,a5,1
 20003d8:	fff5                	bnez	a5,20003d4 <main+0x24e>
    UARTEXT_DATA = (uint8_t)c;
 20003da:	00eaa023          	sw	a4,0(s5)
 20003de:	bf95                	j	2000352 <main+0x1cc>
        for (int k = 10; k < DIAG_BINS; k++) { int m = fft_mag(k); if (m > m1) { m1 = m; b1 = k; } }
 20003e0:	892e                	mv	s2,a1
 20003e2:	0785                	addi	a5,a5,1
 20003e4:	03078663          	beq	a5,a6,2000410 <main+0x28a>
 20003e8:	0689                	addi	a3,a3,2
 20003ea:	85ca                	mv	a1,s2
    if (bin < 0 || bin >= 512) return 0;
 20003ec:	3af56263          	bltu	a0,a5,2000790 <main+0x60a>
    return (v < 0) ? -(int)v : (int)v;
 20003f0:	00069603          	lh	a2,0(a3)
 20003f4:	863d                	srai	a2,a2,0xf
 20003f6:	0006d903          	lhu	s2,0(a3)
 20003fa:	01264933          	xor	s2,a2,s2
 20003fe:	40c90933          	sub	s2,s2,a2
 2000402:	0942                	slli	s2,s2,0x10
 2000404:	01095913          	srli	s2,s2,0x10
        for (int k = 10; k < DIAG_BINS; k++) { int m = fft_mag(k); if (m > m1) { m1 = m; b1 = k; } }
 2000408:	fd25dce3          	bge	a1,s2,20003e0 <main+0x25a>
 200040c:	89be                	mv	s3,a5
 200040e:	bfd1                	j	20003e2 <main+0x25c>
        int b2 = 0, m2 = 0;
 2000410:	4a01                	li	s4,0
 2000412:	4601                	li	a2,0
        for (int k = 10; k < DIAG_BINS; k++) {
 2000414:	47a9                	li	a5,10
            if (k >= b1 - 1 && k <= b1 + 1) continue;   /* escludo solo il bin del 1o picco (toni a 2 bin) */
 2000416:	fff98593          	addi	a1,s3,-1
        for (int k = 10; k < DIAG_BINS; k++) {
 200041a:	04e00813          	li	a6,78
    if (bin < 0 || bin >= 512) return 0;
 200041e:	1ff00513          	li	a0,511
            if (k >= b1 - 1 && k <= b1 + 1) continue;   /* escludo solo il bin del 1o picco (toni a 2 bin) */
 2000422:	00198893          	addi	a7,s3,1
 2000426:	a025                	j	200044e <main+0x2c8>
    if (bin < 0 || bin >= 512) return 0;
 2000428:	36f56163          	bltu	a0,a5,200078a <main+0x604>
    return (v < 0) ? -(int)v : (int)v;
 200042c:	00071683          	lh	a3,0(a4)
 2000430:	86bd                	srai	a3,a3,0xf
 2000432:	00075483          	lhu	s1,0(a4)
 2000436:	8cb5                	xor	s1,s1,a3
 2000438:	8c95                	sub	s1,s1,a3
 200043a:	04c2                	slli	s1,s1,0x10
 200043c:	80c1                	srli	s1,s1,0x10
            int m = fft_mag(k); if (m > m2) { m2 = m; b2 = k; }
 200043e:	00965e63          	bge	a2,s1,200045a <main+0x2d4>
 2000442:	8a3e                	mv	s4,a5
        for (int k = 10; k < DIAG_BINS; k++) {
 2000444:	0785                	addi	a5,a5,1
 2000446:	01078c63          	beq	a5,a6,200045e <main+0x2d8>
 200044a:	0709                	addi	a4,a4,2
 200044c:	8626                	mv	a2,s1
            if (k >= b1 - 1 && k <= b1 + 1) continue;   /* escludo solo il bin del 1o picco (toni a 2 bin) */
 200044e:	fcb7cde3          	blt	a5,a1,2000428 <main+0x2a2>
 2000452:	84b2                	mv	s1,a2
 2000454:	fcf8cae3          	blt	a7,a5,2000428 <main+0x2a2>
 2000458:	b7f5                	j	2000444 <main+0x2be>
            int m = fft_mag(k); if (m > m2) { m2 = m; b2 = k; }
 200045a:	84b2                	mv	s1,a2
 200045c:	b7e5                	j	2000444 <main+0x2be>
        dbg_begin();
 200045e:	39b1                	jal	20000ba <dbg_begin>
        dbg_str("PK b1="); put_u32((uint32_t)b1); uartext_putchar('@'); put_u32(((uint32_t)b1 * 46875u) / 512u);
 2000460:	02003537          	lui	a0,0x2003
 2000464:	1ac50513          	addi	a0,a0,428 # 20031ac <display_tick+0x1270>
 2000468:	3141                	jal	20000e8 <dbg_str>
 200046a:	8b4e                	mv	s6,s3
 200046c:	854e                	mv	a0,s3
 200046e:	3971                	jal	200010a <put_u32>
    while (UARTEXT_STATUS & 0x1u) {}   /* attende tx_busy=0 (letture bus ora funzionano) */
 2000470:	401c                	lw	a5,0(s0)
 2000472:	8b85                	andi	a5,a5,1
 2000474:	fff5                	bnez	a5,2000470 <main+0x2ea>
    UARTEXT_DATA = (uint8_t)c;
 2000476:	04000793          	li	a5,64
 200047a:	00faa023          	sw	a5,0(s5)
 200047e:	67ad                	lui	a5,0xb
 2000480:	71b78793          	addi	a5,a5,1819 # b71b <g_cols-0xff48e5>
 2000484:	02fb0533          	mul	a0,s6,a5
 2000488:	8125                	srli	a0,a0,0x9
 200048a:	3141                	jal	200010a <put_u32>
        dbg_str(" m1=");   put_u32((uint32_t)m1);
 200048c:	02003537          	lui	a0,0x2003
 2000490:	1b450513          	addi	a0,a0,436 # 20031b4 <display_tick+0x1278>
 2000494:	3991                	jal	20000e8 <dbg_str>
 2000496:	854a                	mv	a0,s2
 2000498:	398d                	jal	200010a <put_u32>
        dbg_str(" b2=");   put_u32((uint32_t)b2); uartext_putchar('@'); put_u32(((uint32_t)b2 * 46875u) / 512u);
 200049a:	02003537          	lui	a0,0x2003
 200049e:	1bc50513          	addi	a0,a0,444 # 20031bc <display_tick+0x1280>
 20004a2:	3199                	jal	20000e8 <dbg_str>
 20004a4:	8952                	mv	s2,s4
 20004a6:	8552                	mv	a0,s4
 20004a8:	318d                	jal	200010a <put_u32>
    while (UARTEXT_STATUS & 0x1u) {}   /* attende tx_busy=0 (letture bus ora funzionano) */
 20004aa:	401c                	lw	a5,0(s0)
 20004ac:	8b85                	andi	a5,a5,1
 20004ae:	fff5                	bnez	a5,20004aa <main+0x324>
    UARTEXT_DATA = (uint8_t)c;
 20004b0:	04000793          	li	a5,64
 20004b4:	00faa023          	sw	a5,0(s5)
 20004b8:	67ad                	lui	a5,0xb
 20004ba:	71b78793          	addi	a5,a5,1819 # b71b <g_cols-0xff48e5>
 20004be:	02f90533          	mul	a0,s2,a5
 20004c2:	8125                	srli	a0,a0,0x9
 20004c4:	3199                	jal	200010a <put_u32>
        dbg_str(" m2=");   put_u32((uint32_t)m2);
 20004c6:	02003537          	lui	a0,0x2003
 20004ca:	1c450513          	addi	a0,a0,452 # 20031c4 <display_tick+0x1288>
 20004ce:	3929                	jal	20000e8 <dbg_str>
 20004d0:	8526                	mv	a0,s1
 20004d2:	3925                	jal	200010a <put_u32>
        dbg_end();
 20004d4:	3efd                	jal	20000d2 <dbg_end>
 20004d6:	bb55                	j	200028a <main+0x104>
    last = now;
 20004d8:	010017b7          	lui	a5,0x1001
 20004dc:	06d7a623          	sw	a3,108(a5) # 100106c <last.1>
    dbg_begin();
 20004e0:	3ee9                	jal	20000ba <dbg_begin>
    dbg_str("SYS lp="); put_u32(g_loops);
 20004e2:	02003537          	lui	a0,0x2003
 20004e6:	1cc50513          	addi	a0,a0,460 # 20031cc <display_tick+0x1290>
 20004ea:	3efd                	jal	20000e8 <dbg_str>
 20004ec:	084d2503          	lw	a0,132(s10) # 1001084 <g_loops>
 20004f0:	3929                	jal	200010a <put_u32>
    dbg_str(" rx=");    put_u32(emit_rx_count());
 20004f2:	02003537          	lui	a0,0x2003
 20004f6:	1d450513          	addi	a0,a0,468 # 20031d4 <display_tick+0x1298>
 20004fa:	36fd                	jal	20000e8 <dbg_str>
 20004fc:	2171                	jal	2000988 <emit_rx_count>
 20004fe:	3131                	jal	200010a <put_u32>
    dbg_str(" em=");    put_u32(emit_em_count());
 2000500:	02003537          	lui	a0,0x2003
 2000504:	1dc50513          	addi	a0,a0,476 # 20031dc <display_tick+0x12a0>
 2000508:	36c5                	jal	20000e8 <dbg_str>
 200050a:	2161                	jal	2000992 <emit_em_count>
 200050c:	3efd                	jal	200010a <put_u32>
    dbg_str(" q=");     put_u32(emit_queue_len());
 200050e:	02003537          	lui	a0,0x2003
 2000512:	1e450513          	addi	a0,a0,484 # 20031e4 <display_tick+0x12a8>
 2000516:	3ec9                	jal	20000e8 <dbg_str>
 2000518:	2151                	jal	200099c <emit_queue_len>
 200051a:	3ec5                	jal	200010a <put_u32>
    dbg_str(" sess=");  put_u32(g_sess);
 200051c:	02003537          	lui	a0,0x2003
 2000520:	19450513          	addi	a0,a0,404 # 2003194 <display_tick+0x1258>
 2000524:	36d1                	jal	20000e8 <dbg_str>
 2000526:	010017b7          	lui	a5,0x1001
 200052a:	0807a503          	lw	a0,128(a5) # 1001080 <g_sess>
 200052e:	3ef1                	jal	200010a <put_u32>
    dbg_str(" ok=");    put_u32(g_ok);
 2000530:	02003537          	lui	a0,0x2003
 2000534:	19c50513          	addi	a0,a0,412 # 200319c <display_tick+0x1260>
 2000538:	3e45                	jal	20000e8 <dbg_str>
 200053a:	010017b7          	lui	a5,0x1001
 200053e:	07c7a503          	lw	a0,124(a5) # 100107c <g_ok>
 2000542:	36e1                	jal	200010a <put_u32>
    dbg_str(" to=");    put_u32(g_to);
 2000544:	02003537          	lui	a0,0x2003
 2000548:	1a450513          	addi	a0,a0,420 # 20031a4 <display_tick+0x1268>
 200054c:	3e71                	jal	20000e8 <dbg_str>
 200054e:	4501                	li	a0,0
 2000550:	3e6d                	jal	200010a <put_u32>
    dbg_end();
 2000552:	3641                	jal	20000d2 <dbg_end>
    dbg_begin();
 2000554:	369d                	jal	20000ba <dbg_begin>
    dbg_str("ACC rdy="); put_u32(FFT_S0_RDY);
 2000556:	02003537          	lui	a0,0x2003
 200055a:	1e850513          	addi	a0,a0,488 # 20031e8 <display_tick+0x12ac>
 200055e:	3669                	jal	20000e8 <dbg_str>
 2000560:	480007b7          	lui	a5,0x48000
 2000564:	0847a503          	lw	a0,132(a5) # 48000084 <_data_lma+0x45ffca50>
 2000568:	364d                	jal	200010a <put_u32>
    dbg_str(" trig=");   put_u32(FFT_S0_TRIG);
 200056a:	02003537          	lui	a0,0x2003
 200056e:	1f450513          	addi	a0,a0,500 # 20031f4 <display_tick+0x12b8>
 2000572:	3e9d                	jal	20000e8 <dbg_str>
 2000574:	480007b7          	lui	a5,0x48000
 2000578:	0887a503          	lw	a0,136(a5) # 48000088 <_data_lma+0x45ffca54>
 200057c:	3679                	jal	200010a <put_u32>
    dbg_str(" irq=");    put_u32(FFT_S0_IRQC);
 200057e:	02003537          	lui	a0,0x2003
 2000582:	1fc50513          	addi	a0,a0,508 # 20031fc <display_tick+0x12c0>
 2000586:	368d                	jal	20000e8 <dbg_str>
 2000588:	480007b7          	lui	a5,0x48000
 200058c:	08c7a503          	lw	a0,140(a5) # 4800008c <_data_lma+0x45ffca58>
 2000590:	3ead                	jal	200010a <put_u32>
    dbg_str(" cb0=");    put_u32(g_catch_b0);   /* burst0 presi (diag read_sdram) */
 2000592:	02003537          	lui	a0,0x2003
 2000596:	20450513          	addi	a0,a0,516 # 2003204 <display_tick+0x12c8>
 200059a:	36b9                	jal	20000e8 <dbg_str>
 200059c:	010017b7          	lui	a5,0x1001
 20005a0:	0b47a503          	lw	a0,180(a5) # 10010b4 <g_catch_b0>
 20005a4:	369d                	jal	200010a <put_u32>
    dbg_str(" cb1=");    put_u32(g_catch_b1);   /* burst1 presi: se 0 -> non becca lo stream */
 20005a6:	02003537          	lui	a0,0x2003
 20005aa:	20c50513          	addi	a0,a0,524 # 200320c <display_tick+0x12d0>
 20005ae:	3e2d                	jal	20000e8 <dbg_str>
 20005b0:	010017b7          	lui	a5,0x1001
 20005b4:	0b07a503          	lw	a0,176(a5) # 10010b0 <g_catch_b1>
 20005b8:	3e89                	jal	200010a <put_u32>
    dbg_str(" b1ix=");   put_u32(g_b1_maxidx);  /* max idx visto sul burst1 (se <26 -> gate) */
 20005ba:	02003537          	lui	a0,0x2003
 20005be:	21450513          	addi	a0,a0,532 # 2003214 <display_tick+0x12d8>
 20005c2:	361d                	jal	20000e8 <dbg_str>
 20005c4:	010017b7          	lui	a5,0x1001
 20005c8:	0ac7a503          	lw	a0,172(a5) # 10010ac <g_b1_maxidx>
 20005cc:	3e3d                	jal	200010a <put_u32>
    dbg_end();
 20005ce:	3611                	jal	20000d2 <dbg_end>
 20005d0:	aab1                	j	200072c <main+0x5a6>
    for (int bin = 4; bin < 512; bin++) {
 20005d2:	0685                	addi	a3,a3,1
 20005d4:	02b68363          	beq	a3,a1,20005fa <main+0x474>
        int16_t v = (int16_t)dbgbuf[bin / 26][bin % 26];
 20005d8:	00169793          	slli	a5,a3,0x1
 20005dc:	97b2                	add	a5,a5,a2
        int m = (v < 0) ? -(int)v : (int)v;
 20005de:	00079703          	lh	a4,0(a5)
 20005e2:	873d                	srai	a4,a4,0xf
 20005e4:	0007d783          	lhu	a5,0(a5)
 20005e8:	8fb9                	xor	a5,a5,a4
 20005ea:	8f99                	sub	a5,a5,a4
 20005ec:	07c2                	slli	a5,a5,0x10
 20005ee:	83c1                	srli	a5,a5,0x10
        if (m > mmax) { mmax = m; bmaxi = bin; }
 20005f0:	fef4d1e3          	bge	s1,a5,20005d2 <main+0x44c>
 20005f4:	84be                	mv	s1,a5
 20005f6:	8936                	mv	s2,a3
 20005f8:	bfe9                	j	20005d2 <main+0x44c>
    dbg_begin();
 20005fa:	34c1                	jal	20000ba <dbg_begin>
    dbg_str("MAX bin="); put_u32((uint32_t)bmaxi);
 20005fc:	02003537          	lui	a0,0x2003
 2000600:	21c50513          	addi	a0,a0,540 # 200321c <display_tick+0x12e0>
 2000604:	34d5                	jal	20000e8 <dbg_str>
 2000606:	89ca                	mv	s3,s2
 2000608:	854a                	mv	a0,s2
 200060a:	3601                	jal	200010a <put_u32>
    while (UARTEXT_STATUS & 0x1u) {}   /* attende tx_busy=0 (letture bus ora funzionano) */
 200060c:	00042b83          	lw	s7,0(s0)
 2000610:	001bfb93          	andi	s7,s7,1
 2000614:	fe0b9ce3          	bnez	s7,200060c <main+0x486>
    UARTEXT_DATA = (uint8_t)c;
 2000618:	04000793          	li	a5,64
 200061c:	00faa023          	sw	a5,0(s5)
    uartext_putchar('@'); put_u32(((uint32_t)bmaxi * 46875u) / 512u);
 2000620:	67ad                	lui	a5,0xb
 2000622:	71b78793          	addi	a5,a5,1819 # b71b <g_cols-0xff48e5>
 2000626:	02f98533          	mul	a0,s3,a5
 200062a:	8125                	srli	a0,a0,0x9
 200062c:	3cf9                	jal	200010a <put_u32>
    dbg_str(" m=");      put_u32((uint32_t)mmax);
 200062e:	02003537          	lui	a0,0x2003
 2000632:	22850513          	addi	a0,a0,552 # 2003228 <display_tick+0x12ec>
 2000636:	3c4d                	jal	20000e8 <dbg_str>
 2000638:	8526                	mv	a0,s1
 200063a:	3cc1                	jal	200010a <put_u32>
    dbg_str(" cap=");    put_u32(20u);   /* snapshot BSRAM: sempre completo */
 200063c:	02003537          	lui	a0,0x2003
 2000640:	22c50513          	addi	a0,a0,556 # 200322c <display_tick+0x12f0>
 2000644:	3455                	jal	20000e8 <dbg_str>
 2000646:	4551                	li	a0,20
 2000648:	34c9                	jal	200010a <put_u32>
    dbg_end();
 200064a:	3461                	jal	20000d2 <dbg_end>
    for (int burst = 0; burst < 20; burst++) {            /* tutti i 512 bin, 26/riga */
 200064c:	01000c37          	lui	s8,0x1000
 2000650:	020c0c13          	addi	s8,s8,32 # 1000020 <dbgbuf>
    dbg_end();
 2000654:	20000993          	li	s3,512
        dbg_str("F"); put_u32((uint32_t)(burst * 26));
 2000658:	02003cb7          	lui	s9,0x2003
 200065c:	234c8c93          	addi	s9,s9,564 # 2003234 <display_tick+0x12f8>
 2000660:	02000b13          	li	s6,32
 2000664:	a809                	j	2000676 <main+0x4f0>
        dbg_end();
 2000666:	34b5                	jal	20000d2 <dbg_end>
    for (int burst = 0; burst < 20; burst++) {            /* tutti i 512 bin, 26/riga */
 2000668:	0be9                	addi	s7,s7,26
 200066a:	034c0c13          	addi	s8,s8,52
 200066e:	1999                	addi	s3,s3,-26
 2000670:	57e1                	li	a5,-8
 2000672:	04f98063          	beq	s3,a5,20006b2 <main+0x52c>
        dbg_begin();
 2000676:	3491                	jal	20000ba <dbg_begin>
        dbg_str("F"); put_u32((uint32_t)(burst * 26));
 2000678:	8566                	mv	a0,s9
 200067a:	34bd                	jal	20000e8 <dbg_str>
 200067c:	855e                	mv	a0,s7
 200067e:	3471                	jal	200010a <put_u32>
 2000680:	8962                	mv	s2,s8
        for (int j = 0; j < 26; j++) {
 2000682:	4481                	li	s1,0
 2000684:	4a69                	li	s4,26
            if (bin >= 512) break;
 2000686:	fe9980e3          	beq	s3,s1,2000666 <main+0x4e0>
            int m = (v < 0) ? -(int)v : (int)v;
 200068a:	00091783          	lh	a5,0(s2)
 200068e:	87bd                	srai	a5,a5,0xf
 2000690:	00095503          	lhu	a0,0(s2)
 2000694:	8d3d                	xor	a0,a0,a5
 2000696:	8d1d                	sub	a0,a0,a5
 2000698:	0542                	slli	a0,a0,0x10
 200069a:	8141                	srli	a0,a0,0x10
    while (UARTEXT_STATUS & 0x1u) {}   /* attende tx_busy=0 (letture bus ora funzionano) */
 200069c:	401c                	lw	a5,0(s0)
 200069e:	8b85                	andi	a5,a5,1
 20006a0:	fff5                	bnez	a5,200069c <main+0x516>
    UARTEXT_DATA = (uint8_t)c;
 20006a2:	016aa023          	sw	s6,0(s5)
            uartext_putchar(' '); put_u32((uint32_t)m);
 20006a6:	3495                	jal	200010a <put_u32>
        for (int j = 0; j < 26; j++) {
 20006a8:	0485                	addi	s1,s1,1
 20006aa:	0909                	addi	s2,s2,2
 20006ac:	fd449de3          	bne	s1,s4,2000686 <main+0x500>
 20006b0:	bf5d                	j	2000666 <main+0x4e0>
        nor_poll();          /* comandi NOR dall'ESP32 (S7) -> sequenze SPI (S8) */
        if (g_nor_debug) {
            sys_tick();      /* diagnostica ~1/s */
            dbg_dump512();   /* dump 512 bin ~ogni 3s */
        }
        health_tick();       /* scan salute slave + $HLT verso la dashboard */
 20006b2:	7cf000ef          	jal	2001680 <health_tick>
        display_tick();      /* mini-dashboard TFT (chunked, non bloccante) */
 20006b6:	087010ef          	jal	2001f3c <display_tick>
        g_loops++;
 20006ba:	084d2783          	lw	a5,132(s10)
 20006be:	0785                	addi	a5,a5,1
 20006c0:	08fd2223          	sw	a5,132(s10)
        emit_capture();      /* TX */
 20006c4:	28c9                	jal	2000796 <emit_capture>
        emit_player_tick();  /* TX */
 20006c6:	2ab1                	jal	2000822 <emit_player_tick>
    read_sdram_tick();                          /* 1 poll: snapshot BSRAM stabile */
 20006c8:	2971                	jal	2000b64 <read_sdram_tick>
    if (g_sdram_ready) {
 20006ca:	010017b7          	lui	a5,0x1001
 20006ce:	0b87a783          	lw	a5,184(a5) # 10010b8 <g_sdram_ready>
 20006d2:	b2079ce3          	bnez	a5,200020a <main+0x84>
    g_channel_busy = (g_slave_seen &&
 20006d6:	010017b7          	lui	a5,0x1001
 20006da:	0747a783          	lw	a5,116(a5) # 1001074 <g_slave_seen>
        (uint32_t)(rdcycle32() - g_slave_last) < CHANNEL_HOLD_CYCLES) ? 1 : 0;
 20006de:	cf91                	beqz	a5,20006fa <main+0x574>
 20006e0:	c00027f3          	rdcycle	a5
 20006e4:	01001737          	lui	a4,0x1001
 20006e8:	07872703          	lw	a4,120(a4) # 1001078 <g_slave_last>
 20006ec:	8f99                	sub	a5,a5,a4
 20006ee:	073df737          	lui	a4,0x73df
 20006f2:	16070713          	addi	a4,a4,352 # 73df160 <_data_lma+0x53dbb2c>
 20006f6:	00e7b7b3          	sltu	a5,a5,a4
    g_channel_busy = (g_slave_seen &&
 20006fa:	01001737          	lui	a4,0x1001
 20006fe:	0af72023          	sw	a5,160(a4) # 10010a0 <g_channel_busy>
        nor_poll();          /* comandi NOR dall'ESP32 (S7) -> sequenze SPI (S8) */
 2000702:	3fb000ef          	jal	20012fc <nor_poll>
        if (g_nor_debug) {
 2000706:	010017b7          	lui	a5,0x1001
 200070a:	0c47a783          	lw	a5,196(a5) # 10010c4 <g_nor_debug>
 200070e:	d3d5                	beqz	a5,20006b2 <main+0x52c>
 2000710:	c00026f3          	rdcycle	a3
    if ((uint32_t)(now - last) < (uint32_t)CPU_HZ) return;   /* ~1/s */
 2000714:	010017b7          	lui	a5,0x1001
 2000718:	06c7a703          	lw	a4,108(a5) # 100106c <last.1>
 200071c:	40e68733          	sub	a4,a3,a4
 2000720:	026a07b7          	lui	a5,0x26a0
 2000724:	b1f78793          	addi	a5,a5,-1249 # 269fb1f <_data_lma+0x69c4eb>
 2000728:	dae7e8e3          	bltu	a5,a4,20004d8 <main+0x352>
 200072c:	c00026f3          	rdcycle	a3
    if ((uint32_t)(now - last) < (CPU_HZ * 3u)) return;   /* ~ogni 3s */
 2000730:	010017b7          	lui	a5,0x1001
 2000734:	0687a703          	lw	a4,104(a5) # 1001068 <last.0>
 2000738:	40e68733          	sub	a4,a3,a4
 200073c:	073df7b7          	lui	a5,0x73df
 2000740:	15f78793          	addi	a5,a5,351 # 73df15f <_data_lma+0x53dbb2b>
 2000744:	f6e7f7e3          	bgeu	a5,a4,20006b2 <main+0x52c>
    last = now;
 2000748:	010017b7          	lui	a5,0x1001
 200074c:	06d7a423          	sw	a3,104(a5) # 1001068 <last.0>
 2000750:	480016b7          	lui	a3,0x48001
    for (int bin = 0; bin < 512; bin++)
 2000754:	4781                	li	a5,0
        dbgbuf[bin / 26][bin % 26] = (uint16_t)(FFT_BSRAM[bin] & 0xFFFFu);
 2000756:	010005b7          	lui	a1,0x1000
 200075a:	02058593          	addi	a1,a1,32 # 1000020 <dbgbuf>
    for (int bin = 0; bin < 512; bin++)
 200075e:	20000513          	li	a0,512
        dbgbuf[bin / 26][bin % 26] = (uint16_t)(FFT_BSRAM[bin] & 0xFFFFu);
 2000762:	4290                	lw	a2,0(a3)
 2000764:	00179713          	slli	a4,a5,0x1
 2000768:	972e                	add	a4,a4,a1
 200076a:	00c71023          	sh	a2,0(a4)
    for (int bin = 0; bin < 512; bin++)
 200076e:	0785                	addi	a5,a5,1
 2000770:	0691                	addi	a3,a3,4 # 48001004 <_data_lma+0x45ffd9d0>
 2000772:	fea798e3          	bne	a5,a0,2000762 <main+0x5dc>
    int bmaxi = 0, mmax = 0;                               /* picco (salto DC, bin>=4) */
 2000776:	4901                	li	s2,0
 2000778:	4481                	li	s1,0
    for (int bin = 4; bin < 512; bin++) {
 200077a:	4691                	li	a3,4
        int16_t v = (int16_t)dbgbuf[bin / 26][bin % 26];
 200077c:	01000637          	lui	a2,0x1000
 2000780:	02060613          	addi	a2,a2,32 # 1000020 <dbgbuf>
    for (int bin = 4; bin < 512; bin++) {
 2000784:	20000593          	li	a1,512
 2000788:	bd81                	j	20005d8 <main+0x452>
        for (int k = 10; k < DIAG_BINS; k++) {
 200078a:	0785                	addi	a5,a5,1
 200078c:	0709                	addi	a4,a4,2
 200078e:	b1c1                	j	200044e <main+0x2c8>
        for (int k = 10; k < DIAG_BINS; k++) { int m = fft_mag(k); if (m > m1) { m1 = m; b1 = k; } }
 2000790:	0785                	addi	a5,a5,1
 2000792:	0689                	addi	a3,a3,2
 2000794:	b9a1                	j	20003ec <main+0x266>

02000796 <emit_capture>:
static pstate_t pstate = P_IDLE;
static uint32_t p_t0 = 0;
static int      p_warm = 0;     /* il tono in corso e' un EOF di warmup ('d'/'D') -> lungo */

void emit_capture(void) {
    if (UARTEXT_STATUS & 0x2u) {                 /* bit1 = rx_valid (non consuma) */
 2000796:	200007b7          	lui	a5,0x20000
 200079a:	4bdc                	lw	a5,20(a5)
 200079c:	8b89                	andi	a5,a5,2
 200079e:	cf99                	beqz	a5,20007bc <emit_capture+0x26>
        uint8_t ch = (uint8_t)(UARTEXT_DATA & 0xFFu);  /* bit8 race -> ignorato */
 20007a0:	200007b7          	lui	a5,0x20000
 20007a4:	439c                	lw	a5,0(a5)
 20007a6:	0ff7f693          	zext.b	a3,a5
    return (c >= 'a' && c <= 'd') || (c >= 'A' && c <= 'D');
 20007aa:	0df7f793          	andi	a5,a5,223
 20007ae:	fbf78793          	addi	a5,a5,-65 # 1fffffbf <_data_lma+0x1dffc98b>
        if (is_proto(ch)) { enqueue(ch); s_rx++; }
 20007b2:	0ff7f793          	zext.b	a5,a5
 20007b6:	470d                	li	a4,3
 20007b8:	00f77363          	bgeu	a4,a5,20007be <emit_capture+0x28>
    }
}
 20007bc:	8082                	ret
    if (q_count >= TXQ_LEN) { q_tail = (q_tail + 1u) % TXQ_LEN; q_count--; }
 20007be:	010017b7          	lui	a5,0x1001
 20007c2:	0947a783          	lw	a5,148(a5) # 1001094 <q_count>
 20007c6:	473d                	li	a4,15
 20007c8:	00f77f63          	bgeu	a4,a5,20007e6 <emit_capture+0x50>
 20007cc:	01001637          	lui	a2,0x1001
 20007d0:	09862703          	lw	a4,152(a2) # 1001098 <q_tail>
 20007d4:	0705                	addi	a4,a4,1
 20007d6:	8b3d                	andi	a4,a4,15
 20007d8:	08e62c23          	sw	a4,152(a2)
 20007dc:	17fd                	addi	a5,a5,-1
 20007de:	01001737          	lui	a4,0x1001
 20007e2:	08f72a23          	sw	a5,148(a4) # 1001094 <q_count>
    tone_q[q_head] = c; q_head = (q_head + 1u) % TXQ_LEN; q_count++;
 20007e6:	01001637          	lui	a2,0x1001
 20007ea:	09c62783          	lw	a5,156(a2) # 100109c <q_head>
 20007ee:	01000737          	lui	a4,0x1000
 20007f2:	43070713          	addi	a4,a4,1072 # 1000430 <tone_q>
 20007f6:	973e                	add	a4,a4,a5
 20007f8:	00d70023          	sb	a3,0(a4)
 20007fc:	0785                	addi	a5,a5,1
 20007fe:	8bbd                	andi	a5,a5,15
 2000800:	08f62e23          	sw	a5,156(a2)
 2000804:	01001737          	lui	a4,0x1001
 2000808:	09472783          	lw	a5,148(a4) # 1001094 <q_count>
 200080c:	0785                	addi	a5,a5,1
 200080e:	08f72a23          	sw	a5,148(a4)
        if (is_proto(ch)) { enqueue(ch); s_rx++; }
 2000812:	01001737          	lui	a4,0x1001
 2000816:	0a872783          	lw	a5,168(a4) # 10010a8 <s_rx>
 200081a:	0785                	addi	a5,a5,1
 200081c:	0af72423          	sw	a5,168(a4)
}
 2000820:	8082                	ret

02000822 <emit_player_tick>:
 2000822:	c00026f3          	rdcycle	a3

void emit_player_tick(void) {
    uint32_t now = rdcycle32();
    uint8_t ch; uint32_t word;
    switch (pstate) {
 2000826:	010017b7          	lui	a5,0x1001
 200082a:	0907a783          	lw	a5,144(a5) # 1001090 <pstate>
 200082e:	4705                	li	a4,1
 2000830:	0ce78d63          	beq	a5,a4,200090a <emit_player_tick+0xe8>
 2000834:	4709                	li	a4,2
 2000836:	12e78163          	beq	a5,a4,2000958 <emit_player_tick+0x136>
 200083a:	e791                	bnez	a5,2000846 <emit_player_tick+0x24>
        case P_IDLE:
            /* CSMA: non parlo se il canale e' occupato dallo slave (carrier slave udito
             * negli ultimi 3 s). Tengo il char in coda e riprovo al giro dopo. */
            if (!g_channel_busy && dequeue(&ch) && tone_word_for_char((char)ch, &word)) {
 200083c:	010017b7          	lui	a5,0x1001
 2000840:	0a07a783          	lw	a5,160(a5) # 10010a0 <g_channel_busy>
 2000844:	c391                	beqz	a5,2000848 <emit_player_tick+0x26>
            if ((now - p_t0) >= ms_to_cycles(SIL_MS)) {
                s_em++; pstate = P_IDLE;
            }
            break;
    }
}
 2000846:	8082                	ret
    if (q_count == 0) return 0;
 2000848:	010017b7          	lui	a5,0x1001
 200084c:	0947a703          	lw	a4,148(a5) # 1001094 <q_count>
 2000850:	db7d                	beqz	a4,2000846 <emit_player_tick+0x24>
    *c = tone_q[q_tail]; q_tail = (q_tail + 1u) % TXQ_LEN; q_count--; return 1;
 2000852:	010015b7          	lui	a1,0x1001
 2000856:	0985a783          	lw	a5,152(a1) # 1001098 <q_tail>
 200085a:	01000637          	lui	a2,0x1000
 200085e:	43060613          	addi	a2,a2,1072 # 1000430 <tone_q>
 2000862:	963e                	add	a2,a2,a5
 2000864:	00064603          	lbu	a2,0(a2)
 2000868:	0785                	addi	a5,a5,1
 200086a:	8bbd                	andi	a5,a5,15
 200086c:	08f5ac23          	sw	a5,152(a1)
 2000870:	177d                	addi	a4,a4,-1
 2000872:	010017b7          	lui	a5,0x1001
 2000876:	08e7aa23          	sw	a4,148(a5) # 1001094 <q_count>
    if      (ch == 'd') ch = 'c';
 200087a:	06400793          	li	a5,100
 200087e:	02f60063          	beq	a2,a5,200089e <emit_player_tick+0x7c>
    else if (ch == 'D') ch = 'C';
 2000882:	04400793          	li	a5,68
 2000886:	04f60163          	beq	a2,a5,20008c8 <emit_player_tick+0xa6>
    char up = (ch >= 'a' && ch <= 'z') ? (char)(ch - 32) : ch;
 200088a:	f9f60793          	addi	a5,a2,-97
 200088e:	0ff7f793          	zext.b	a5,a5
 2000892:	45e5                	li	a1,25
 2000894:	8732                	mv	a4,a2
 2000896:	00f5e963          	bltu	a1,a5,20008a8 <emit_player_tick+0x86>
    *c = tone_q[q_tail]; q_tail = (q_tail + 1u) % TXQ_LEN; q_count--; return 1;
 200089a:	87b2                	mv	a5,a2
 200089c:	a019                	j	20008a2 <emit_player_tick+0x80>
    if      (ch == 'd') ch = 'c';
 200089e:	06300793          	li	a5,99
    char up = (ch >= 'a' && ch <= 'z') ? (char)(ch - 32) : ch;
 20008a2:	1781                	addi	a5,a5,-32
 20008a4:	0ff7f713          	zext.b	a4,a5
    switch (up) {
 20008a8:	04200793          	li	a5,66
 20008ac:	02f70263          	beq	a4,a5,20008d0 <emit_player_tick+0xae>
 20008b0:	04300793          	li	a5,67
 20008b4:	00f70a63          	beq	a4,a5,20008c8 <emit_player_tick+0xa6>
 20008b8:	04100593          	li	a1,65
        case 'A': f2 = F_BIT0; break;   /* bit 0 -> bin39 */
 20008bc:	6785                	lui	a5,0x1
 20008be:	df378793          	addi	a5,a5,-525 # df3 <g_cols-0xfff20d>
    switch (up) {
 20008c2:	00b70a63          	beq	a4,a1,20008d6 <emit_player_tick+0xb4>
 20008c6:	8082                	ret
        case 'C': f2 = F_EOF;  break;   /* EOF   -> bin32 */
 20008c8:	6785                	lui	a5,0x1
 20008ca:	b7278793          	addi	a5,a5,-1166 # b72 <g_cols-0xfff48e>
 20008ce:	a021                	j	20008d6 <emit_player_tick+0xb4>
    switch (up) {
 20008d0:	6785                	lui	a5,0x1
 20008d2:	1e178793          	addi	a5,a5,481 # 11e1 <g_cols-0xffee1f>
    *word = ((uint32_t)f2 << 16) | (uint32_t)CARRIER_MASTER;   /* f2=dato, f1=carrier */
 20008d6:	07c2                	slli	a5,a5,0x10
 20008d8:	7de7e793          	ori	a5,a5,2014
                PWM10_TONES = word; p_t0 = now;
 20008dc:	50000737          	lui	a4,0x50000
 20008e0:	c35c                	sw	a5,4(a4)
 20008e2:	010017b7          	lui	a5,0x1001
 20008e6:	08d7a623          	sw	a3,140(a5) # 100108c <p_t0>
                p_warm = (ch == 'd' || ch == 'D');   /* EOF di warmup -> tono lungo */
 20008ea:	0df67793          	andi	a5,a2,223
 20008ee:	fbc78793          	addi	a5,a5,-68
 20008f2:	0017b793          	seqz	a5,a5
 20008f6:	01001737          	lui	a4,0x1001
 20008fa:	08f72423          	sw	a5,136(a4) # 1001088 <p_warm>
                pstate = P_TONE;
 20008fe:	010017b7          	lui	a5,0x1001
 2000902:	4705                	li	a4,1
 2000904:	08e7a823          	sw	a4,144(a5) # 1001090 <pstate>
 2000908:	8082                	ret
            if ((now - p_t0) >= ms_to_cycles(p_warm ? WARMUP_MS : TONE_MS)) {
 200090a:	010017b7          	lui	a5,0x1001
 200090e:	08c7a703          	lw	a4,140(a5) # 100108c <p_t0>
 2000912:	40e68733          	sub	a4,a3,a4
 2000916:	010017b7          	lui	a5,0x1001
 200091a:	0887a783          	lw	a5,136(a5) # 1001088 <p_warm>
 200091e:	0017b793          	seqz	a5,a5
 2000922:	40f007b3          	neg	a5,a5
 2000926:	f647f793          	andi	a5,a5,-156
 200092a:	12c78793          	addi	a5,a5,300
    return c;
}
static inline uint32_t ms_to_cycles(uint32_t ms) { return ms * (CPU_HZ / 1000u); }
 200092e:	6629                	lui	a2,0xa
 2000930:	e3460613          	addi	a2,a2,-460 # 9e34 <g_cols-0xff61cc>
 2000934:	02c787b3          	mul	a5,a5,a2
 2000938:	f0f767e3          	bltu	a4,a5,2000846 <emit_player_tick+0x24>
                PWM10_STOPW = 1; p_t0 = now; pstate = P_SIL;
 200093c:	500007b7          	lui	a5,0x50000
 2000940:	4705                	li	a4,1
 2000942:	c798                	sw	a4,8(a5)
 2000944:	010017b7          	lui	a5,0x1001
 2000948:	08d7a623          	sw	a3,140(a5) # 100108c <p_t0>
 200094c:	010017b7          	lui	a5,0x1001
 2000950:	4709                	li	a4,2
 2000952:	08e7a823          	sw	a4,144(a5) # 1001090 <pstate>
 2000956:	8082                	ret
            if ((now - p_t0) >= ms_to_cycles(SIL_MS)) {
 2000958:	010017b7          	lui	a5,0x1001
 200095c:	08c7a703          	lw	a4,140(a5) # 100108c <p_t0>
 2000960:	40e68733          	sub	a4,a3,a4
 2000964:	00f737b7          	lui	a5,0xf73
 2000968:	13f78793          	addi	a5,a5,319 # f7313f <g_cols-0x8cec1>
 200096c:	ece7fde3          	bgeu	a5,a4,2000846 <emit_player_tick+0x24>
                s_em++; pstate = P_IDLE;
 2000970:	01001737          	lui	a4,0x1001
 2000974:	0a472783          	lw	a5,164(a4) # 10010a4 <s_em>
 2000978:	0785                	addi	a5,a5,1
 200097a:	0af72223          	sw	a5,164(a4)
 200097e:	010017b7          	lui	a5,0x1001
 2000982:	0807a823          	sw	zero,144(a5) # 1001090 <pstate>
}
 2000986:	8082                	ret

02000988 <emit_rx_count>:

uint32_t emit_rx_count(void)  { return s_rx; }
 2000988:	010017b7          	lui	a5,0x1001
 200098c:	0a87a503          	lw	a0,168(a5) # 10010a8 <s_rx>
 2000990:	8082                	ret

02000992 <emit_em_count>:
uint32_t emit_em_count(void)  { return s_em; }
 2000992:	010017b7          	lui	a5,0x1001
 2000996:	0a47a503          	lw	a0,164(a5) # 10010a4 <s_em>
 200099a:	8082                	ret

0200099c <emit_queue_len>:
unsigned emit_queue_len(void) { return q_count; }
 200099c:	010017b7          	lui	a5,0x1001
 20009a0:	0947a503          	lw	a0,148(a5) # 1001094 <q_count>
 20009a4:	8082                	ret

020009a6 <emit_busy>:
int      emit_busy(void)      { return pstate != P_IDLE; }
 20009a6:	010017b7          	lui	a5,0x1001
 20009aa:	0907a503          	lw	a0,144(a5) # 1001090 <pstate>
 20009ae:	00a03533          	snez	a0,a0
 20009b2:	8082                	ret

020009b4 <detect_bin>:
 *   - massimo locale: centro >= tutti e 6 i vicini
 *   - curvatura d = 2b - a - g > 0 (e' un picco verso l'alto)
 *   - test parabolico vs soglia: 8*d*(b-THR) + (a-g)^2 > 0  (ampiezza interpolata > THR)
 * Ritorna 1 se rilevato; *beta = magnitude del centro (per confronto forza). */
static int detect_bin(const int16_t *re, int n, int bin, int *beta) {
    if (bin < WINR || bin >= n - WINR) { *beta = 0; return 0; }
 20009b4:	4789                	li	a5,2
 20009b6:	08c7d363          	bge	a5,a2,2000a3c <detect_bin+0x88>
 20009ba:	15f5                	addi	a1,a1,-3
 20009bc:	08b65063          	bge	a2,a1,2000a3c <detect_bin+0x88>
static int detect_bin(const int16_t *re, int n, int bin, int *beta) {
 20009c0:	1101                	addi	sp,sp,-32
 20009c2:	1569                	addi	a0,a0,-6
 20009c4:	0606                	slli	a2,a2,0x1
 20009c6:	00c50733          	add	a4,a0,a2
 20009ca:	004c                	addi	a1,sp,4
 20009cc:	1008                	addi	a0,sp,32
    return (v < 0) ? -v : v;
 20009ce:	00071603          	lh	a2,0(a4)
 20009d2:	863d                	srai	a2,a2,0xf
 20009d4:	00075783          	lhu	a5,0(a4)
 20009d8:	8fb1                	xor	a5,a5,a2
 20009da:	8f91                	sub	a5,a5,a2
 20009dc:	07c2                	slli	a5,a5,0x10
 20009de:	83c1                	srli	a5,a5,0x10
 20009e0:	c19c                	sw	a5,0(a1)
    int w[2 * WINR + 1];
    for (int k = 0; k < 2 * WINR + 1; k++) w[k] = bin_mag(re, bin - WINR + k);
 20009e2:	0709                	addi	a4,a4,2
 20009e4:	0591                	addi	a1,a1,4
 20009e6:	fea594e3          	bne	a1,a0,20009ce <detect_bin+0x1a>
    int b = w[WINR];
 20009ea:	47c2                	lw	a5,16(sp)
    *beta = b;
 20009ec:	c29c                	sw	a5,0(a3)
    if (!(b >= w[0] && b >= w[1] && b >= w[2] &&
 20009ee:	4712                	lw	a4,4(sp)
 20009f0:	04e7c363          	blt	a5,a4,2000a36 <detect_bin+0x82>
 20009f4:	4722                	lw	a4,8(sp)
 20009f6:	04e7c063          	blt	a5,a4,2000a36 <detect_bin+0x82>
 20009fa:	4732                	lw	a4,12(sp)
 20009fc:	02e7cd63          	blt	a5,a4,2000a36 <detect_bin+0x82>
          b >= w[4] && b >= w[5] && b >= w[6])) return 0;   /* massimo locale */
 2000a00:	46d2                	lw	a3,20(sp)
    if (!(b >= w[0] && b >= w[1] && b >= w[2] &&
 2000a02:	02d7ca63          	blt	a5,a3,2000a36 <detect_bin+0x82>
          b >= w[4] && b >= w[5] && b >= w[6])) return 0;   /* massimo locale */
 2000a06:	4662                	lw	a2,24(sp)
 2000a08:	02c7c763          	blt	a5,a2,2000a36 <detect_bin+0x82>
    if (!(b >= w[0] && b >= w[1] && b >= w[2] &&
 2000a0c:	4672                	lw	a2,28(sp)
 2000a0e:	02c7c463          	blt	a5,a2,2000a36 <detect_bin+0x82>
    int a = w[WINR - 1], g = w[WINR + 1];
    int d = 2 * b - a - g;                                  /* curvatura */
 2000a12:	00179613          	slli	a2,a5,0x1
 2000a16:	8e19                	sub	a2,a2,a4
 2000a18:	8e15                	sub	a2,a2,a3
    if (d <= 0) return 0;
 2000a1a:	00c05e63          	blez	a2,2000a36 <detect_bin+0x82>
    int diff = a - g;
 2000a1e:	8f15                	sub	a4,a4,a3
    long test = 8L * (long)d * (long)(b - THRESHOLD) + (long)diff * (long)diff;
 2000a20:	ffa78513          	addi	a0,a5,-6
 2000a24:	02c50533          	mul	a0,a0,a2
 2000a28:	050e                	slli	a0,a0,0x3
 2000a2a:	02e70733          	mul	a4,a4,a4
 2000a2e:	953a                	add	a0,a0,a4
    return (test > 0);
 2000a30:	00a02533          	sgtz	a0,a0
 2000a34:	a011                	j	2000a38 <detect_bin+0x84>
    if (bin < WINR || bin >= n - WINR) { *beta = 0; return 0; }
 2000a36:	4501                	li	a0,0
}
 2000a38:	6105                	addi	sp,sp,32
 2000a3a:	8082                	ret
    if (bin < WINR || bin >= n - WINR) { *beta = 0; return 0; }
 2000a3c:	0006a023          	sw	zero,0(a3)
 2000a40:	4501                	li	a0,0
}
 2000a42:	8082                	ret

02000a44 <decode_slave_carrier>:

/* 1 se il carrier dello SLAVE (bin27) e' presente nel frame. Usato dalla logica del
 * canale (main): il master non parla / si interrompe se sente lo slave. Indipendente
 * dal proprio carrier (bin22) -> il master non si auto-rileva mentre emette. */
int decode_slave_carrier(const int16_t *re, int n) {
 2000a44:	1101                	addi	sp,sp,-32
 2000a46:	ce06                	sw	ra,28(sp)
    int beta;
    return detect_bin(re, n, BIN_CS, &beta);
 2000a48:	0074                	addi	a3,sp,12
 2000a4a:	466d                	li	a2,27
 2000a4c:	37a5                	jal	20009b4 <detect_bin>
}
 2000a4e:	40f2                	lw	ra,28(sp)
 2000a50:	6105                	addi	sp,sp,32
 2000a52:	8082                	ret

02000a54 <decode_symbol>:

rx_symbol_t decode_symbol(const int16_t *re, int n) {
 2000a54:	7139                	addi	sp,sp,-64
 2000a56:	de06                	sw	ra,60(sp)
 2000a58:	dc22                	sw	s0,56(sp)
 2000a5a:	da26                	sw	s1,52(sp)
 2000a5c:	d84a                	sw	s2,48(sp)
 2000a5e:	d64e                	sw	s3,44(sp)
 2000a60:	d452                	sw	s4,40(sp)
 2000a62:	d256                	sw	s5,36(sp)
 2000a64:	842a                	mv	s0,a0
 2000a66:	84ae                	mv	s1,a1
    rx_symbol_t r; r.channel = -1; r.sym = -1;

    int bcm, bcs, bb0, bb1, beof;
    int dcm = detect_bin(re, n, BIN_CM,  &bcm);
 2000a68:	0854                	addi	a3,sp,20
 2000a6a:	4659                	li	a2,22
 2000a6c:	37a1                	jal	20009b4 <detect_bin>
 2000a6e:	89aa                	mv	s3,a0
    int dcs = detect_bin(re, n, BIN_CS,  &bcs);
 2000a70:	0814                	addi	a3,sp,16
 2000a72:	466d                	li	a2,27
 2000a74:	85a6                	mv	a1,s1
 2000a76:	8522                	mv	a0,s0
 2000a78:	3f35                	jal	20009b4 <detect_bin>
 2000a7a:	8a2a                	mv	s4,a0
    int d0  = detect_bin(re, n, BIN_B0,  &bb0);
 2000a7c:	0074                	addi	a3,sp,12
 2000a7e:	02700613          	li	a2,39
 2000a82:	85a6                	mv	a1,s1
 2000a84:	8522                	mv	a0,s0
 2000a86:	373d                	jal	20009b4 <detect_bin>
 2000a88:	892a                	mv	s2,a0
    int d1  = detect_bin(re, n, BIN_B1,  &bb1);
 2000a8a:	0034                	addi	a3,sp,8
 2000a8c:	03200613          	li	a2,50
 2000a90:	85a6                	mv	a1,s1
 2000a92:	8522                	mv	a0,s0
 2000a94:	3705                	jal	20009b4 <detect_bin>
 2000a96:	8aaa                	mv	s5,a0
    int de  = detect_bin(re, n, BIN_EOF, &beof);
 2000a98:	0054                	addi	a3,sp,4
 2000a9a:	02000613          	li	a2,32
 2000a9e:	85a6                	mv	a1,s1
 2000aa0:	8522                	mv	a0,s0
 2000aa2:	3f09                	jal	20009b4 <detect_bin>

    /* dato = il piu' forte tra bit0/bit1/EOF (solo se rilevato) */
    int data_sym = -1, data_beta = 0;
 2000aa4:	55fd                	li	a1,-1
    if (d0 && bb0  > data_beta) { data_beta = bb0;  data_sym = 0; }
 2000aa6:	00090663          	beqz	s2,2000ab2 <decode_symbol+0x5e>
 2000aaa:	4932                	lw	s2,12(sp)
 2000aac:	4581                	li	a1,0
 2000aae:	05205063          	blez	s2,2000aee <decode_symbol+0x9a>
    if (d1 && bb1  > data_beta) { data_beta = bb1;  data_sym = 1; }
 2000ab2:	000a8763          	beqz	s5,2000ac0 <decode_symbol+0x6c>
 2000ab6:	47a2                	lw	a5,8(sp)
 2000ab8:	00f95463          	bge	s2,a5,2000ac0 <decode_symbol+0x6c>
 2000abc:	893e                	mv	s2,a5
 2000abe:	4585                	li	a1,1
    if (de && beof > data_beta) { data_beta = beof; data_sym = 2; }
 2000ac0:	c501                	beqz	a0,2000ac8 <decode_symbol+0x74>
 2000ac2:	4792                	lw	a5,4(sp)
 2000ac4:	04f94b63          	blt	s2,a5,2000b1a <decode_symbol+0xc6>

    /* carrier = master XOR slave (se entrambi, il piu' forte) */
    int chan = -1;
    if      (dcm && !dcs) chan = 0;
 2000ac8:	013036b3          	snez	a3,s3
 2000acc:	001a3793          	seqz	a5,s4
 2000ad0:	8ff5                	and	a5,a5,a3
 2000ad2:	e38d                	bnez	a5,2000af4 <decode_symbol+0xa0>
    else if (dcs && !dcm) chan = 1;
 2000ad4:	014037b3          	snez	a5,s4
 2000ad8:	0019b713          	seqz	a4,s3
 2000adc:	8f7d                	and	a4,a4,a5
 2000ade:	eb0d                	bnez	a4,2000b10 <decode_symbol+0xbc>
    else if (dcm &&  dcs) chan = (bcm >= bcs) ? 0 : 1;
 2000ae0:	8efd                	and	a3,a3,a5
 2000ae2:	ca8d                	beqz	a3,2000b14 <decode_symbol+0xc0>
 2000ae4:	4552                	lw	a0,20(sp)
 2000ae6:	47c2                	lw	a5,16(sp)
 2000ae8:	00f52533          	slt	a0,a0,a5
 2000aec:	a029                	j	2000af6 <decode_symbol+0xa2>
    int data_sym = -1, data_beta = 0;
 2000aee:	4901                	li	s2,0
 2000af0:	55fd                	li	a1,-1
 2000af2:	b7c1                	j	2000ab2 <decode_symbol+0x5e>
    if      (dcm && !dcs) chan = 0;
 2000af4:	4501                	li	a0,0

    if (data_sym >= 0 && chan >= 0) { r.channel = chan; r.sym = data_sym; }
 2000af6:	0005d463          	bgez	a1,2000afe <decode_symbol+0xaa>
    rx_symbol_t r; r.channel = -1; r.sym = -1;
 2000afa:	55fd                	li	a1,-1
 2000afc:	852e                	mv	a0,a1
    return r;
}
 2000afe:	50f2                	lw	ra,60(sp)
 2000b00:	5462                	lw	s0,56(sp)
 2000b02:	54d2                	lw	s1,52(sp)
 2000b04:	5942                	lw	s2,48(sp)
 2000b06:	59b2                	lw	s3,44(sp)
 2000b08:	5a22                	lw	s4,40(sp)
 2000b0a:	5a92                	lw	s5,36(sp)
 2000b0c:	6121                	addi	sp,sp,64
 2000b0e:	8082                	ret
    else if (dcs && !dcm) chan = 1;
 2000b10:	4505                	li	a0,1
 2000b12:	b7d5                	j	2000af6 <decode_symbol+0xa2>
    rx_symbol_t r; r.channel = -1; r.sym = -1;
 2000b14:	55fd                	li	a1,-1
 2000b16:	852e                	mv	a0,a1
 2000b18:	b7dd                	j	2000afe <decode_symbol+0xaa>
    if      (dcm && !dcs) chan = 0;
 2000b1a:	013036b3          	snez	a3,s3
 2000b1e:	001a3793          	seqz	a5,s4
 2000b22:	8ff5                	and	a5,a5,a3
    if (de && beof > data_beta) { data_beta = beof; data_sym = 2; }
 2000b24:	4589                	li	a1,2
    if      (dcm && !dcs) chan = 0;
 2000b26:	4501                	li	a0,0
 2000b28:	fbf9                	bnez	a5,2000afe <decode_symbol+0xaa>
    else if (dcs && !dcm) chan = 1;
 2000b2a:	014037b3          	snez	a5,s4
 2000b2e:	0019b713          	seqz	a4,s3
 2000b32:	8f7d                	and	a4,a4,a5
 2000b34:	4505                	li	a0,1
 2000b36:	d74d                	beqz	a4,2000ae0 <decode_symbol+0x8c>
 2000b38:	b7d9                	j	2000afe <decode_symbol+0xaa>

02000b3a <decode_char>:

char decode_char(const int16_t *re, int n) {
 2000b3a:	1101                	addi	sp,sp,-32
 2000b3c:	ce06                	sw	ra,28(sp)
    rx_symbol_t s = decode_symbol(re, n);
 2000b3e:	3f19                	jal	2000a54 <decode_symbol>
 2000b40:	c42a                	sw	a0,8(sp)
 2000b42:	c62e                	sw	a1,12(sp)
    if (s.sym < 0) return 0;
 2000b44:	0005ce63          	bltz	a1,2000b60 <decode_char+0x26>
    /* slave -> 'A'/'B'/'C' (ricevuto); master -> 'a'/'b'/'c' (loopback di se stesso) */
    return (char)((s.channel == 1 ? 'A' : 'a') + s.sym);
 2000b48:	157d                	addi	a0,a0,-1
 2000b4a:	00a03533          	snez	a0,a0
 2000b4e:	0516                	slli	a0,a0,0x5
 2000b50:	04150513          	addi	a0,a0,65
 2000b54:	952e                	add	a0,a0,a1
 2000b56:	0ff57513          	zext.b	a0,a0
}
 2000b5a:	40f2                	lw	ra,28(sp)
 2000b5c:	6105                	addi	sp,sp,32
 2000b5e:	8082                	ret
    if (s.sym < 0) return 0;
 2000b60:	4501                	li	a0,0
 2000b62:	bfe5                	j	2000b5a <decode_char+0x20>

02000b64 <read_sdram_tick>:
volatile uint32_t g_b1_maxidx = 0;                  /* diag legacy (non piu' usato) */

static uint32_t rs_last_fill = 0xFFFFFFFFu;

void read_sdram_tick(void) {
    if (g_sdram_ready) return;                 /* il main non ha ancora consumato */
 2000b64:	010017b7          	lui	a5,0x1001
 2000b68:	0b87a783          	lw	a5,184(a5) # 10010b8 <g_sdram_ready>
 2000b6c:	e3ad                	bnez	a5,2000bce <read_sdram_tick+0x6a>

    uint32_t fc = S0_FILLCNT;
 2000b6e:	480007b7          	lui	a5,0x48000
 2000b72:	0907a783          	lw	a5,144(a5) # 48000090 <_data_lma+0x45ffca5c>
    if (fc == rs_last_fill) return;            /* nessun frame nuovo completato */
 2000b76:	01000737          	lui	a4,0x1000
 2000b7a:	00c72703          	lw	a4,12(a4) # 100000c <rs_last_fill>
 2000b7e:	04f70863          	beq	a4,a5,2000bce <read_sdram_tick+0x6a>
    rs_last_fill = fc;
 2000b82:	01000737          	lui	a4,0x1000
 2000b86:	00f72623          	sw	a5,12(a4) # 100000c <rs_last_fill>

    /* snapshot coerente: copia i 512 bin dalla BSRAM stabile (niente race) */
    for (int i = 0; i < 512; i++)
 2000b8a:	010007b7          	lui	a5,0x1000
 2000b8e:	44078793          	addi	a5,a5,1088 # 1000440 <g_sdram>
 2000b92:	40078613          	addi	a2,a5,1024
    rs_last_fill = fc;
 2000b96:	48001737          	lui	a4,0x48001
        g_sdram[i] = (int16_t)(FFT_BSRAM[i] & 0xFFFFu);
 2000b9a:	4314                	lw	a3,0(a4)
 2000b9c:	00d79023          	sh	a3,0(a5)
    for (int i = 0; i < 512; i++)
 2000ba0:	0711                	addi	a4,a4,4 # 48001004 <_data_lma+0x45ffd9d0>
 2000ba2:	0789                	addi	a5,a5,2
 2000ba4:	fec79be3          	bne	a5,a2,2000b9a <read_sdram_tick+0x36>

    g_catch_b0++; g_catch_b1++;                /* diag: 1 frame coerente copiato */
 2000ba8:	01001737          	lui	a4,0x1001
 2000bac:	0b472783          	lw	a5,180(a4) # 10010b4 <g_catch_b0>
 2000bb0:	0785                	addi	a5,a5,1
 2000bb2:	0af72a23          	sw	a5,180(a4)
 2000bb6:	01001737          	lui	a4,0x1001
 2000bba:	0b072783          	lw	a5,176(a4) # 10010b0 <g_catch_b1>
 2000bbe:	0785                	addi	a5,a5,1
 2000bc0:	0af72823          	sw	a5,176(a4)
    g_sdram_ready = 1;                          /* il main decodifica e azzera il flag */
 2000bc4:	010017b7          	lui	a5,0x1001
 2000bc8:	4705                	li	a4,1
 2000bca:	0ae7ac23          	sw	a4,184(a5) # 10010b8 <g_sdram_ready>
}
 2000bce:	8082                	ret

02000bd0 <settings_apply>:
uint8_t        nor_views(void)        { return g_views; }
uint32_t       nor_settings_epoch(void) { return g_set_epoch; }

/* applica i campi dei settings che comandano il firmware (solo blob v2 valido) */
static void settings_apply(const uint8_t *b) {
    if (b[0] != 0xA5u || b[30] != 0x5Au) return;
 2000bd0:	00054703          	lbu	a4,0(a0)
 2000bd4:	0a500793          	li	a5,165
 2000bd8:	04f71e63          	bne	a4,a5,2000c34 <settings_apply+0x64>
 2000bdc:	01e54703          	lbu	a4,30(a0)
 2000be0:	05a00793          	li	a5,90
 2000be4:	04f71863          	bne	a4,a5,2000c34 <settings_apply+0x64>
    g_nor_debug = b[19] & 1;
 2000be8:	01354783          	lbu	a5,19(a0)
 2000bec:	8b85                	andi	a5,a5,1
 2000bee:	01001737          	lui	a4,0x1001
 2000bf2:	0cf72223          	sw	a5,196(a4) # 10010c4 <g_nor_debug>
    for (int i = 0; i < 9; i++) g_cols[i] = b[20 + i];
 2000bf6:	01450713          	addi	a4,a0,20
 2000bfa:	010007b7          	lui	a5,0x1000
 2000bfe:	00078793          	mv	a5,a5
 2000c02:	00978613          	addi	a2,a5,9 # 1000009 <_data_end>
 2000c06:	00074683          	lbu	a3,0(a4)
 2000c0a:	00d78023          	sb	a3,0(a5)
 2000c0e:	0705                	addi	a4,a4,1
 2000c10:	0785                	addi	a5,a5,1
 2000c12:	fec79ae3          	bne	a5,a2,2000c06 <settings_apply+0x36>
    g_views = b[29] & 0x7Fu;
 2000c16:	01d54783          	lbu	a5,29(a0)
 2000c1a:	07f7f793          	andi	a5,a5,127
 2000c1e:	01000737          	lui	a4,0x1000
 2000c22:	00f70823          	sb	a5,16(a4) # 1000010 <g_views>
    g_set_epoch++;
 2000c26:	01001737          	lui	a4,0x1001
 2000c2a:	0c072783          	lw	a5,192(a4) # 10010c0 <g_set_epoch>
 2000c2e:	0785                	addi	a5,a5,1
 2000c30:	0cf72023          	sw	a5,192(a4)
}
 2000c34:	8082                	ret

02000c36 <nor_xfer>:
    __asm__ volatile ("rdcycle %0" : "=r"(c));
 2000c36:	c0002673          	rdcycle	a2
 * sporca del registro STATUS non lo perde piu', si limita a far ripetere il poll.
 * Timeout a TEMPO (2 ms >> 13 us di un transfer a 633 kHz), non a iterazioni:
 * se lo SPI e' morto il boot resta dell'ordine dei secondi, non delle ore. */
static uint8_t nor_xfer(uint8_t b) {
    uint32_t t0 = rdcycle32();
    NORSPI_TXDATA = b;
 2000c3a:	380007b7          	lui	a5,0x38000
 2000c3e:	c3c8                	sw	a0,4(a5)
    while (!(NORSPI_STATUS & 0x2u)) {
 2000c40:	00c78713          	addi	a4,a5,12 # 3800000c <_data_lma+0x35ffc9d8>
        if ((uint32_t)(rdcycle32() - t0) > ms_to_cycles(2)) { g_spi_to++; break; }
 2000c44:	66d1                	lui	a3,0x14
 2000c46:	c6868693          	addi	a3,a3,-920 # 13c68 <g_cols-0xfec398>
    while (!(NORSPI_STATUS & 0x2u)) {
 2000c4a:	431c                	lw	a5,0(a4)
 2000c4c:	8b89                	andi	a5,a5,2
 2000c4e:	ef89                	bnez	a5,2000c68 <nor_xfer+0x32>
 2000c50:	c00027f3          	rdcycle	a5
        if ((uint32_t)(rdcycle32() - t0) > ms_to_cycles(2)) { g_spi_to++; break; }
 2000c54:	8f91                	sub	a5,a5,a2
 2000c56:	fef6fae3          	bgeu	a3,a5,2000c4a <nor_xfer+0x14>
 2000c5a:	01001737          	lui	a4,0x1001
 2000c5e:	0bc72783          	lw	a5,188(a4) # 10010bc <g_spi_to>
 2000c62:	0785                	addi	a5,a5,1
 2000c64:	0af72e23          	sw	a5,188(a4)
    }
    return (uint8_t)(NORSPI_RXDATA & 0xFFu);
 2000c68:	380007b7          	lui	a5,0x38000
 2000c6c:	4388                	lw	a0,0(a5)
}
 2000c6e:	0ff57513          	zext.b	a0,a0
 2000c72:	8082                	ret

02000c74 <w_enable>:

static void w_enable(void) { nor_cs(1); nor_xfer(CMD_WE); nor_cs(0); }
 2000c74:	1141                	addi	sp,sp,-16
 2000c76:	c606                	sw	ra,12(sp)
 2000c78:	c422                	sw	s0,8(sp)
static inline void nor_cs(int assert) { NORSPI_CTRL = assert ? 1u : 0u; } /* 1=CS basso */
 2000c7a:	38000437          	lui	s0,0x38000
 2000c7e:	4785                	li	a5,1
 2000c80:	c41c                	sw	a5,8(s0)
static void w_enable(void) { nor_cs(1); nor_xfer(CMD_WE); nor_cs(0); }
 2000c82:	4519                	li	a0,6
 2000c84:	3f4d                	jal	2000c36 <nor_xfer>
static inline void nor_cs(int assert) { NORSPI_CTRL = assert ? 1u : 0u; } /* 1=CS basso */
 2000c86:	00042423          	sw	zero,8(s0) # 38000008 <_data_lma+0x35ffc9d4>
static void w_enable(void) { nor_cs(1); nor_xfer(CMD_WE); nor_cs(0); }
 2000c8a:	40b2                	lw	ra,12(sp)
 2000c8c:	4422                	lw	s0,8(sp)
 2000c8e:	0141                	addi	sp,sp,16
 2000c90:	8082                	ret

02000c92 <rdsr1>:

static uint8_t rdsr1(void) {
 2000c92:	1141                	addi	sp,sp,-16
 2000c94:	c606                	sw	ra,12(sp)
 2000c96:	c422                	sw	s0,8(sp)
static inline void nor_cs(int assert) { NORSPI_CTRL = assert ? 1u : 0u; } /* 1=CS basso */
 2000c98:	38000437          	lui	s0,0x38000
 2000c9c:	4785                	li	a5,1
 2000c9e:	c41c                	sw	a5,8(s0)
    uint8_t r; nor_cs(1); nor_xfer(CMD_RDSR1); r = nor_xfer(0); nor_cs(0); return r;
 2000ca0:	4515                	li	a0,5
 2000ca2:	3f51                	jal	2000c36 <nor_xfer>
 2000ca4:	4501                	li	a0,0
 2000ca6:	3f41                	jal	2000c36 <nor_xfer>
static inline void nor_cs(int assert) { NORSPI_CTRL = assert ? 1u : 0u; } /* 1=CS basso */
 2000ca8:	00042423          	sw	zero,8(s0) # 38000008 <_data_lma+0x35ffc9d4>
}
 2000cac:	40b2                	lw	ra,12(sp)
 2000cae:	4422                	lw	s0,8(sp)
 2000cb0:	0141                	addi	sp,sp,16
 2000cb2:	8082                	ret

02000cb4 <wait_wip>:

/* poll WIP (bit0) finche' 0, max 700 ms (sector erase reale ~400 ms, come il
 * POLL_MAX di flash_ctrl). Molla subito se il chip e' assente o lo SPI e' morto. */
static void wait_wip(void) {
 2000cb4:	1101                	addi	sp,sp,-32
 2000cb6:	ce06                	sw	ra,28(sp)
 2000cb8:	ca26                	sw	s1,20(sp)
 2000cba:	c00024f3          	rdcycle	s1
    uint32_t t0 = rdcycle32();
    if (!g_flash_present) return;
 2000cbe:	010017b7          	lui	a5,0x1001
 2000cc2:	0d07a783          	lw	a5,208(a5) # 10010d0 <g_flash_present>
 2000cc6:	cf95                	beqz	a5,2000d02 <wait_wip+0x4e>
 2000cc8:	cc22                	sw	s0,24(sp)
 2000cca:	c84a                	sw	s2,16(sp)
 2000ccc:	c64e                	sw	s3,12(sp)
    while (rdsr1() & 0x01u) {
        if ((uint32_t)(rdcycle32() - t0) > ms_to_cycles(700)) return;
 2000cce:	01b09437          	lui	s0,0x1b09
 2000cd2:	63040413          	addi	s0,s0,1584 # 1b09630 <_stack_top+0xb05630>
        if (g_spi_to > 16) return;
 2000cd6:	010019b7          	lui	s3,0x1001
 2000cda:	4941                	li	s2,16
    while (rdsr1() & 0x01u) {
 2000cdc:	3f5d                	jal	2000c92 <rdsr1>
 2000cde:	8905                	andi	a0,a0,1
 2000ce0:	cd11                	beqz	a0,2000cfc <wait_wip+0x48>
 2000ce2:	c00027f3          	rdcycle	a5
        if ((uint32_t)(rdcycle32() - t0) > ms_to_cycles(700)) return;
 2000ce6:	8f85                	sub	a5,a5,s1
 2000ce8:	02f46163          	bltu	s0,a5,2000d0a <wait_wip+0x56>
        if (g_spi_to > 16) return;
 2000cec:	0bc9a783          	lw	a5,188(s3) # 10010bc <g_spi_to>
 2000cf0:	fef976e3          	bgeu	s2,a5,2000cdc <wait_wip+0x28>
 2000cf4:	4462                	lw	s0,24(sp)
 2000cf6:	4942                	lw	s2,16(sp)
 2000cf8:	49b2                	lw	s3,12(sp)
 2000cfa:	a021                	j	2000d02 <wait_wip+0x4e>
 2000cfc:	4462                	lw	s0,24(sp)
 2000cfe:	4942                	lw	s2,16(sp)
 2000d00:	49b2                	lw	s3,12(sp)
    }
}
 2000d02:	40f2                	lw	ra,28(sp)
 2000d04:	44d2                	lw	s1,20(sp)
 2000d06:	6105                	addi	sp,sp,32
 2000d08:	8082                	ret
 2000d0a:	4462                	lw	s0,24(sp)
 2000d0c:	4942                	lw	s2,16(sp)
 2000d0e:	49b2                	lw	s3,12(sp)
 2000d10:	bfcd                	j	2000d02 <wait_wip+0x4e>

02000d12 <send_addr>:

static void send_addr(uint32_t a) { nor_xfer(a >> 16); nor_xfer(a >> 8); nor_xfer(a); }
 2000d12:	1141                	addi	sp,sp,-16
 2000d14:	c606                	sw	ra,12(sp)
 2000d16:	c422                	sw	s0,8(sp)
 2000d18:	842a                	mv	s0,a0
 2000d1a:	8141                	srli	a0,a0,0x10
 2000d1c:	0ff57513          	zext.b	a0,a0
 2000d20:	3f19                	jal	2000c36 <nor_xfer>
 2000d22:	00845513          	srli	a0,s0,0x8
 2000d26:	0ff57513          	zext.b	a0,a0
 2000d2a:	3731                	jal	2000c36 <nor_xfer>
 2000d2c:	0ff47513          	zext.b	a0,s0
 2000d30:	3719                	jal	2000c36 <nor_xfer>
 2000d32:	40b2                	lw	ra,12(sp)
 2000d34:	4422                	lw	s0,8(sp)
 2000d36:	0141                	addi	sp,sp,16
 2000d38:	8082                	ret

02000d3a <sector_erase>:

static void sector_erase(uint32_t a) {
 2000d3a:	1141                	addi	sp,sp,-16
 2000d3c:	c606                	sw	ra,12(sp)
 2000d3e:	c422                	sw	s0,8(sp)
 2000d40:	c226                	sw	s1,4(sp)
 2000d42:	84aa                	mv	s1,a0
    w_enable();
 2000d44:	3f05                	jal	2000c74 <w_enable>
static inline void nor_cs(int assert) { NORSPI_CTRL = assert ? 1u : 0u; } /* 1=CS basso */
 2000d46:	38000437          	lui	s0,0x38000
 2000d4a:	4785                	li	a5,1
 2000d4c:	c41c                	sw	a5,8(s0)
    nor_cs(1); nor_xfer(CMD_SE); send_addr(a & SECT_MASK); nor_cs(0);
 2000d4e:	02000513          	li	a0,32
 2000d52:	35d5                	jal	2000c36 <nor_xfer>
 2000d54:	757d                	lui	a0,0xfffff
 2000d56:	8d65                	and	a0,a0,s1
 2000d58:	3f6d                	jal	2000d12 <send_addr>
static inline void nor_cs(int assert) { NORSPI_CTRL = assert ? 1u : 0u; } /* 1=CS basso */
 2000d5a:	00042423          	sw	zero,8(s0) # 38000008 <_data_lma+0x35ffc9d4>
    wait_wip();
 2000d5e:	3f99                	jal	2000cb4 <wait_wip>
}
 2000d60:	40b2                	lw	ra,12(sp)
 2000d62:	4422                	lw	s0,8(sp)
 2000d64:	4492                	lw	s1,4(sp)
 2000d66:	0141                	addi	sp,sp,16
 2000d68:	8082                	ret

02000d6a <page_program>:

static void page_program(uint32_t a, const uint8_t *d, int n) {
 2000d6a:	1141                	addi	sp,sp,-16
 2000d6c:	c606                	sw	ra,12(sp)
 2000d6e:	c422                	sw	s0,8(sp)
 2000d70:	c226                	sw	s1,4(sp)
 2000d72:	c04a                	sw	s2,0(sp)
 2000d74:	842a                	mv	s0,a0
 2000d76:	84ae                	mv	s1,a1
 2000d78:	8932                	mv	s2,a2
    w_enable();
 2000d7a:	3ded                	jal	2000c74 <w_enable>
static inline void nor_cs(int assert) { NORSPI_CTRL = assert ? 1u : 0u; } /* 1=CS basso */
 2000d7c:	380007b7          	lui	a5,0x38000
 2000d80:	4705                	li	a4,1
 2000d82:	c798                	sw	a4,8(a5)
    nor_cs(1); nor_xfer(CMD_PP); send_addr(a);
 2000d84:	4509                	li	a0,2
 2000d86:	3d45                	jal	2000c36 <nor_xfer>
 2000d88:	8522                	mv	a0,s0
 2000d8a:	3761                	jal	2000d12 <send_addr>
    for (int i = 0; i < n; i++) nor_xfer(d[i]);
 2000d8c:	01205a63          	blez	s2,2000da0 <page_program+0x36>
 2000d90:	8426                	mv	s0,s1
 2000d92:	94ca                	add	s1,s1,s2
 2000d94:	00044503          	lbu	a0,0(s0)
 2000d98:	3d79                	jal	2000c36 <nor_xfer>
 2000d9a:	0405                	addi	s0,s0,1
 2000d9c:	fe941ce3          	bne	s0,s1,2000d94 <page_program+0x2a>
static inline void nor_cs(int assert) { NORSPI_CTRL = assert ? 1u : 0u; } /* 1=CS basso */
 2000da0:	380007b7          	lui	a5,0x38000
 2000da4:	0007a423          	sw	zero,8(a5) # 38000008 <_data_lma+0x35ffc9d4>
    nor_cs(0);
    wait_wip();
 2000da8:	3731                	jal	2000cb4 <wait_wip>
}
 2000daa:	40b2                	lw	ra,12(sp)
 2000dac:	4422                	lw	s0,8(sp)
 2000dae:	4492                	lw	s1,4(sp)
 2000db0:	4902                	lw	s2,0(sp)
 2000db2:	0141                	addi	sp,sp,16
 2000db4:	8082                	ret

02000db6 <read_bytes>:

static void read_bytes(uint32_t a, uint8_t *d, int n) {
 2000db6:	1141                	addi	sp,sp,-16
 2000db8:	c606                	sw	ra,12(sp)
 2000dba:	c422                	sw	s0,8(sp)
 2000dbc:	c226                	sw	s1,4(sp)
 2000dbe:	c04a                	sw	s2,0(sp)
 2000dc0:	842a                	mv	s0,a0
 2000dc2:	84ae                	mv	s1,a1
 2000dc4:	8932                	mv	s2,a2
static inline void nor_cs(int assert) { NORSPI_CTRL = assert ? 1u : 0u; } /* 1=CS basso */
 2000dc6:	380007b7          	lui	a5,0x38000
 2000dca:	4705                	li	a4,1
 2000dcc:	c798                	sw	a4,8(a5)
    nor_cs(1); nor_xfer(CMD_READ); send_addr(a);
 2000dce:	450d                	li	a0,3
 2000dd0:	359d                	jal	2000c36 <nor_xfer>
 2000dd2:	8522                	mv	a0,s0
 2000dd4:	3f3d                	jal	2000d12 <send_addr>
    for (int i = 0; i < n; i++) d[i] = nor_xfer(0);
 2000dd6:	01205b63          	blez	s2,2000dec <read_bytes+0x36>
 2000dda:	8426                	mv	s0,s1
 2000ddc:	94ca                	add	s1,s1,s2
 2000dde:	4501                	li	a0,0
 2000de0:	3d99                	jal	2000c36 <nor_xfer>
 2000de2:	00a40023          	sb	a0,0(s0)
 2000de6:	0405                	addi	s0,s0,1
 2000de8:	fe941be3          	bne	s0,s1,2000dde <read_bytes+0x28>
static inline void nor_cs(int assert) { NORSPI_CTRL = assert ? 1u : 0u; } /* 1=CS basso */
 2000dec:	380007b7          	lui	a5,0x38000
 2000df0:	0007a423          	sw	zero,8(a5) # 38000008 <_data_lma+0x35ffc9d4>
    nor_cs(0);
}
 2000df4:	40b2                	lw	ra,12(sp)
 2000df6:	4422                	lw	s0,8(sp)
 2000df8:	4492                	lw	s1,4(sp)
 2000dfa:	4902                	lw	s2,0(sp)
 2000dfc:	0141                	addi	sp,sp,16
 2000dfe:	8082                	ret

02000e00 <noruart_getc_to>:
 2000e00:	c0002673          	rdcycle	a2

/* =================== UART comandi NOR (S7) =================== */
/* lettura gated su STATUS (non distruttiva): la lettura di DATA consuma il byte
 * e sul bus OPEN WB puo' tornare sporca, quindi si fa solo a rx_valid certo */
static int noruart_getc_nb(void) {
    if (!(NORUART_STATUS & 0x2u)) return -1;     /* bit1 = rx_valid, non consuma */
 2000e04:	28000737          	lui	a4,0x28000
 2000e08:	0751                	addi	a4,a4,20 # 28000014 <_data_lma+0x25ffc9e0>
static int noruart_getc_to(void) {
    uint32_t t0 = rdcycle32();
    for (;;) {
        int c = noruart_getc_nb();
        if (c >= 0) return c;
        if ((uint32_t)(rdcycle32() - t0) > ms_to_cycles(200)) return -1;
 2000e0a:	007ba6b7          	lui	a3,0x7ba
 2000e0e:	8a068693          	addi	a3,a3,-1888 # 7b98a0 <g_cols-0x846760>
 2000e12:	a801                	j	2000e22 <noruart_getc_to+0x22>
 2000e14:	557d                	li	a0,-1
    }
}
 2000e16:	8082                	ret
 2000e18:	c00027f3          	rdcycle	a5
        if ((uint32_t)(rdcycle32() - t0) > ms_to_cycles(200)) return -1;
 2000e1c:	8f91                	sub	a5,a5,a2
 2000e1e:	fef6ebe3          	bltu	a3,a5,2000e14 <noruart_getc_to+0x14>
    if (!(NORUART_STATUS & 0x2u)) return -1;     /* bit1 = rx_valid, non consuma */
 2000e22:	431c                	lw	a5,0(a4)
 2000e24:	8b89                	andi	a5,a5,2
 2000e26:	dbed                	beqz	a5,2000e18 <noruart_getc_to+0x18>
    return (int)(NORUART_DATA & 0xFFu);          /* bit8 race -> ignorato */
 2000e28:	280007b7          	lui	a5,0x28000
 2000e2c:	4388                	lw	a0,0(a5)
 2000e2e:	0ff57513          	zext.b	a0,a0
        if (c >= 0) return c;
 2000e32:	8082                	ret

02000e34 <noruart_putc>:
 2000e34:	c0002673          	rdcycle	a2
static void noruart_putc(uint8_t c) {
    uint32_t t0 = rdcycle32();
    while (NORUART_STATUS & 0x1u) {          /* attendi tx non busy, max 5 ms */
 2000e38:	28000737          	lui	a4,0x28000
 2000e3c:	0751                	addi	a4,a4,20 # 28000014 <_data_lma+0x25ffc9e0>
        if ((uint32_t)(rdcycle32() - t0) > ms_to_cycles(5)) break;
 2000e3e:	000316b7          	lui	a3,0x31
 2000e42:	70468693          	addi	a3,a3,1796 # 31704 <g_cols-0xfce8fc>
    while (NORUART_STATUS & 0x1u) {          /* attendi tx non busy, max 5 ms */
 2000e46:	431c                	lw	a5,0(a4)
 2000e48:	8b85                	andi	a5,a5,1
 2000e4a:	c791                	beqz	a5,2000e56 <noruart_putc+0x22>
 2000e4c:	c00027f3          	rdcycle	a5
        if ((uint32_t)(rdcycle32() - t0) > ms_to_cycles(5)) break;
 2000e50:	8f91                	sub	a5,a5,a2
 2000e52:	fef6fae3          	bgeu	a3,a5,2000e46 <noruart_putc+0x12>
    }
    NORUART_DATA = c;
 2000e56:	280007b7          	lui	a5,0x28000
 2000e5a:	c388                	sw	a0,0(a5)
}
 2000e5c:	8082                	ret

02000e5e <diag_u32>:

/* diag di boot sul canale $...\n della UART caratteri (S6): visibile come
 * "[FPGA] NOR ..." sulla console USB dell'ESP32 */
static void diag_u32(uint32_t v) {
 2000e5e:	1141                	addi	sp,sp,-16
    char b[10]; int i = 0;
 2000e60:	4681                	li	a3,0
    if (v == 0) { uartext_putchar('0'); return; }
    while (v) { b[i++] = (char)('0' + (v % 10u)); v /= 10u; }
 2000e62:	00410893          	addi	a7,sp,4
 2000e66:	ccccd5b7          	lui	a1,0xccccd
 2000e6a:	ccd58593          	addi	a1,a1,-819 # cccccccd <_data_lma+0xcacc9699>
 2000e6e:	4825                	li	a6,9
    if (v == 0) { uartext_putchar('0'); return; }
 2000e70:	c921                	beqz	a0,2000ec0 <diag_u32+0x62>
    while (v) { b[i++] = (char)('0' + (v % 10u)); v /= 10u; }
 2000e72:	0685                	addi	a3,a3,1
 2000e74:	00d88633          	add	a2,a7,a3
 2000e78:	02b53733          	mulhu	a4,a0,a1
 2000e7c:	830d                	srli	a4,a4,0x3
 2000e7e:	00271793          	slli	a5,a4,0x2
 2000e82:	97ba                	add	a5,a5,a4
 2000e84:	0786                	slli	a5,a5,0x1
 2000e86:	40f507b3          	sub	a5,a0,a5
 2000e8a:	03078793          	addi	a5,a5,48 # 28000030 <_data_lma+0x25ffc9fc>
 2000e8e:	fef60fa3          	sb	a5,-1(a2)
 2000e92:	87aa                	mv	a5,a0
 2000e94:	853a                	mv	a0,a4
 2000e96:	fcf86ee3          	bltu	a6,a5,2000e72 <diag_u32+0x14>
    while (i) uartext_putchar(b[--i]);
 2000e9a:	c28d                	beqz	a3,2000ebc <diag_u32+0x5e>
 2000e9c:	004c                	addi	a1,sp,4
 2000e9e:	96ae                	add	a3,a3,a1
    while (UARTEXT_STATUS & 0x1u) {}   /* attende tx_busy=0 (letture bus ora funzionano) */
 2000ea0:	20000737          	lui	a4,0x20000
 2000ea4:	0751                	addi	a4,a4,20 # 20000014 <_data_lma+0x1dffc9e0>
    UARTEXT_DATA = (uint8_t)c;
 2000ea6:	20000537          	lui	a0,0x20000
 2000eaa:	fff6c603          	lbu	a2,-1(a3)
    while (UARTEXT_STATUS & 0x1u) {}   /* attende tx_busy=0 (letture bus ora funzionano) */
 2000eae:	431c                	lw	a5,0(a4)
 2000eb0:	8b85                	andi	a5,a5,1
 2000eb2:	fff5                	bnez	a5,2000eae <diag_u32+0x50>
    UARTEXT_DATA = (uint8_t)c;
 2000eb4:	c110                	sw	a2,0(a0)
 2000eb6:	16fd                	addi	a3,a3,-1
 2000eb8:	fed599e3          	bne	a1,a3,2000eaa <diag_u32+0x4c>
}
 2000ebc:	0141                	addi	sp,sp,16
 2000ebe:	8082                	ret
    while (UARTEXT_STATUS & 0x1u) {}   /* attende tx_busy=0 (letture bus ora funzionano) */
 2000ec0:	20000737          	lui	a4,0x20000
 2000ec4:	0751                	addi	a4,a4,20 # 20000014 <_data_lma+0x1dffc9e0>
 2000ec6:	431c                	lw	a5,0(a4)
 2000ec8:	8b85                	andi	a5,a5,1
 2000eca:	fff5                	bnez	a5,2000ec6 <diag_u32+0x68>
    UARTEXT_DATA = (uint8_t)c;
 2000ecc:	200007b7          	lui	a5,0x20000
 2000ed0:	03000713          	li	a4,48
 2000ed4:	c398                	sw	a4,0(a5)
    if (v == 0) { uartext_putchar('0'); return; }
 2000ed6:	b7dd                	j	2000ebc <diag_u32+0x5e>

02000ed8 <diag_hh>:
static void diag_hh(uint8_t b) {
    static const char H[] = "0123456789ABCDEF";
    uartext_putchar(H[(b >> 4) & 0xF]); uartext_putchar(H[b & 0xF]);
 2000ed8:	00455713          	srli	a4,a0,0x4
 2000edc:	020037b7          	lui	a5,0x2003
 2000ee0:	44c78793          	addi	a5,a5,1100 # 200344c <H.0>
 2000ee4:	97ba                	add	a5,a5,a4
 2000ee6:	0007c683          	lbu	a3,0(a5)
    while (UARTEXT_STATUS & 0x1u) {}   /* attende tx_busy=0 (letture bus ora funzionano) */
 2000eea:	20000737          	lui	a4,0x20000
 2000eee:	0751                	addi	a4,a4,20 # 20000014 <_data_lma+0x1dffc9e0>
 2000ef0:	431c                	lw	a5,0(a4)
 2000ef2:	8b85                	andi	a5,a5,1
 2000ef4:	fff5                	bnez	a5,2000ef0 <diag_hh+0x18>
    UARTEXT_DATA = (uint8_t)c;
 2000ef6:	200007b7          	lui	a5,0x20000
 2000efa:	c394                	sw	a3,0(a5)
 2000efc:	893d                	andi	a0,a0,15
 2000efe:	020037b7          	lui	a5,0x2003
 2000f02:	44c78793          	addi	a5,a5,1100 # 200344c <H.0>
 2000f06:	97aa                	add	a5,a5,a0
 2000f08:	0007c683          	lbu	a3,0(a5)
    while (UARTEXT_STATUS & 0x1u) {}   /* attende tx_busy=0 (letture bus ora funzionano) */
 2000f0c:	20000737          	lui	a4,0x20000
 2000f10:	0751                	addi	a4,a4,20 # 20000014 <_data_lma+0x1dffc9e0>
 2000f12:	431c                	lw	a5,0(a4)
 2000f14:	8b85                	andi	a5,a5,1
 2000f16:	fff5                	bnez	a5,2000f12 <diag_hh+0x3a>
    UARTEXT_DATA = (uint8_t)c;
 2000f18:	200007b7          	lui	a5,0x20000
 2000f1c:	c394                	sw	a3,0(a5)
}
 2000f1e:	8082                	ret

02000f20 <nor_present>:
int nor_present(void)        { return g_flash_present; }
 2000f20:	010017b7          	lui	a5,0x1001
 2000f24:	0d07a503          	lw	a0,208(a5) # 10010d0 <g_flash_present>
 2000f28:	8082                	ret

02000f2a <nor_locked>:
int nor_locked(void)         { return g_chip_locked; }
 2000f2a:	010017b7          	lui	a5,0x1001
 2000f2e:	0cc7a503          	lw	a0,204(a5) # 10010cc <g_chip_locked>
 2000f32:	8082                	ret

02000f34 <nor_head>:
int nor_head(void)           { return g_head; }
 2000f34:	010017b7          	lui	a5,0x1001
 2000f38:	0d47a503          	lw	a0,212(a5) # 10010d4 <g_head>
 2000f3c:	8082                	ret

02000f3e <nor_log_epoch>:
uint32_t nor_log_epoch(void) { return g_log_epoch; }
 2000f3e:	010017b7          	lui	a5,0x1001
 2000f42:	0c87a503          	lw	a0,200(a5) # 10010c8 <g_log_epoch>
 2000f46:	8082                	ret

02000f48 <nor_colors>:
const uint8_t *nor_colors(void)       { return g_cols; }
 2000f48:	01000537          	lui	a0,0x1000
 2000f4c:	00050513          	mv	a0,a0
 2000f50:	8082                	ret

02000f52 <nor_views>:
uint8_t        nor_views(void)        { return g_views; }
 2000f52:	010007b7          	lui	a5,0x1000
 2000f56:	0107c503          	lbu	a0,16(a5) # 1000010 <g_views>
 2000f5a:	8082                	ret

02000f5c <nor_settings_epoch>:
uint32_t       nor_settings_epoch(void) { return g_set_epoch; }
 2000f5c:	010017b7          	lui	a5,0x1001
 2000f60:	0c07a503          	lw	a0,192(a5) # 10010c0 <g_set_epoch>
 2000f64:	8082                	ret

02000f66 <nor_init>:

/* =================== boot + scan =================== */
void nor_init(void) {
 2000f66:	715d                	addi	sp,sp,-80
 2000f68:	c686                	sw	ra,76(sp)
 2000f6a:	c4a2                	sw	s0,72(sp)
 2000f6c:	c2a6                	sw	s1,68(sp)
 2000f6e:	c0ca                	sw	s2,64(sp)
 2000f70:	de4e                	sw	s3,60(sp)
 2000f72:	d65e                	sw	s7,44(sp)
 2000f74:	d462                	sw	s8,40(sp)
    /* abilita la UART comandi NOR (S7): baud 27e6/115200 lato ESP32 -> stesso clk_sdram
     * 40.5 MHz qui, div = 40_500_000/115200 = 351, 8N1 */
    NORUART_STOP  = 1;
 2000f76:	28000737          	lui	a4,0x28000
 2000f7a:	4785                	li	a5,1
 2000f7c:	c71c                	sw	a5,8(a4)
    NORUART_DIV   = 40500000u / 115200u;
 2000f7e:	15f00693          	li	a3,351
 2000f82:	c754                	sw	a3,12(a4)
    NORUART_CFG   = UARTEXT_CFG_PARITY_NONE | UARTEXT_CFG_BITS(8);
 2000f84:	46e1                	li	a3,24
 2000f86:	cb14                	sw	a3,16(a4)
    NORUART_START = 1;
 2000f88:	c35c                	sw	a5,4(a4)
    while (*s) uartext_putchar(*s++);
 2000f8a:	02400613          	li	a2,36
 2000f8e:	020036b7          	lui	a3,0x2003
 2000f92:	23868693          	addi	a3,a3,568 # 2003238 <display_tick+0x12fc>
    while (UARTEXT_STATUS & 0x1u) {}   /* attende tx_busy=0 (letture bus ora funzionano) */
 2000f96:	20000737          	lui	a4,0x20000
 2000f9a:	0751                	addi	a4,a4,20 # 20000014 <_data_lma+0x1dffc9e0>
    UARTEXT_DATA = (uint8_t)c;
 2000f9c:	20000537          	lui	a0,0x20000
    while (*s) uartext_putchar(*s++);
 2000fa0:	020035b7          	lui	a1,0x2003
 2000fa4:	24258593          	addi	a1,a1,578 # 2003242 <display_tick+0x1306>
 2000fa8:	0685                	addi	a3,a3,1
    while (UARTEXT_STATUS & 0x1u) {}   /* attende tx_busy=0 (letture bus ora funzionano) */
 2000faa:	431c                	lw	a5,0(a4)
 2000fac:	8b85                	andi	a5,a5,1
 2000fae:	fff5                	bnez	a5,2000faa <nor_init+0x44>
    UARTEXT_DATA = (uint8_t)c;
 2000fb0:	c110                	sw	a2,0(a0)
    while (*s) uartext_putchar(*s++);
 2000fb2:	0006c603          	lbu	a2,0(a3)
 2000fb6:	feb699e3          	bne	a3,a1,2000fa8 <nor_init+0x42>
    /* unlock PRIMA DI TUTTO (come flash_ctrl.vhd "Works"): WRSR con SR2=0x02 (QE=1).
     * Su questa board /HOLD# e /WP# del W25Q sono SCOLLEGATI/flottanti: senza QE=1
     * ogni fronte SCK accoppia /HOLD# -> il chip va in pausa, MISO flotta e ogni
     * lettura (anche il JEDEC!) torna 0xFF. Quindi NON si puo' leggere il JEDEC prima:
     * va settata QE per prima, a 633 kHz (SCK lento) cosi' il comando passa. */
    g_flash_present = 1;                  /* abilita wait_wip durante l'unlock */
 2000fba:	010019b7          	lui	s3,0x1001
 2000fbe:	4485                	li	s1,1
 2000fc0:	0c99a823          	sw	s1,208(s3) # 10010d0 <g_flash_present>
    w_enable();
 2000fc4:	3945                	jal	2000c74 <w_enable>
static inline void nor_cs(int assert) { NORSPI_CTRL = assert ? 1u : 0u; } /* 1=CS basso */
 2000fc6:	38000437          	lui	s0,0x38000
 2000fca:	c404                	sw	s1,8(s0)
    nor_cs(1); nor_xfer(CMD_WRSR); nor_xfer(0x00); nor_xfer(0x02); nor_cs(0);
 2000fcc:	8526                	mv	a0,s1
 2000fce:	31a5                	jal	2000c36 <nor_xfer>
 2000fd0:	4501                	li	a0,0
 2000fd2:	3195                	jal	2000c36 <nor_xfer>
 2000fd4:	4509                	li	a0,2
 2000fd6:	3185                	jal	2000c36 <nor_xfer>
static inline void nor_cs(int assert) { NORSPI_CTRL = assert ? 1u : 0u; } /* 1=CS basso */
 2000fd8:	00042423          	sw	zero,8(s0) # 38000008 <_data_lma+0x35ffc9d4>
    wait_wip();
 2000fdc:	39e1                	jal	2000cb4 <wait_wip>
    w_enable();
 2000fde:	3959                	jal	2000c74 <w_enable>
static inline void nor_cs(int assert) { NORSPI_CTRL = assert ? 1u : 0u; } /* 1=CS basso */
 2000fe0:	c404                	sw	s1,8(s0)
    nor_cs(1); nor_xfer(CMD_GBU); nor_cs(0);
 2000fe2:	09800513          	li	a0,152
 2000fe6:	3981                	jal	2000c36 <nor_xfer>
static inline void nor_cs(int assert) { NORSPI_CTRL = assert ? 1u : 0u; } /* 1=CS basso */
 2000fe8:	00042423          	sw	zero,8(s0)
    wait_wip();
 2000fec:	31e1                	jal	2000cb4 <wait_wip>

    /* boot report 'S'+SR come flash_ctrl (l'ESP32 lo cerca in consume_boot_sr_report;
     * se lo perde rilegge SR col comando 'T'). BP/SRP ancora set -> chip locked. */
    {
        uint8_t sr = rdsr1();
 2000fee:	3155                	jal	2000c92 <rdsr1>
 2000ff0:	892a                	mv	s2,a0
        g_chip_locked = ((sr & 0x9Cu) != 0);
 2000ff2:	09c57793          	andi	a5,a0,156
 2000ff6:	00f037b3          	snez	a5,a5
 2000ffa:	01001737          	lui	a4,0x1001
 2000ffe:	0cf72623          	sw	a5,204(a4) # 10010cc <g_chip_locked>
        noruart_putc('S'); noruart_putc(sr);
 2001002:	05300513          	li	a0,83
 2001006:	353d                	jal	2000e34 <noruart_putc>
 2001008:	854a                	mv	a0,s2
 200100a:	352d                	jal	2000e34 <noruart_putc>
static inline void nor_cs(int assert) { NORSPI_CTRL = assert ? 1u : 0u; } /* 1=CS basso */
 200100c:	c404                	sw	s1,8(s0)
    }

    /* ORA il chip ignora /HOLD#,/WP# e risponde: JEDEC per confermare la presenza. */
    uint8_t j0;
    nor_cs(1); nor_xfer(CMD_JEDEC);
 200100e:	09f00513          	li	a0,159
 2001012:	3115                	jal	2000c36 <nor_xfer>
    j0 = nor_xfer(0); (void)nor_xfer(0); (void)nor_xfer(0);
 2001014:	4501                	li	a0,0
 2001016:	3105                	jal	2000c36 <nor_xfer>
 2001018:	8c2a                	mv	s8,a0
 200101a:	4501                	li	a0,0
 200101c:	3929                	jal	2000c36 <nor_xfer>
 200101e:	4501                	li	a0,0
 2001020:	3919                	jal	2000c36 <nor_xfer>
    g_flash_present = (j0 == 0xEFu) ? 1 : 0;
 2001022:	f11c0793          	addi	a5,s8,-239
 2001026:	0017b793          	seqz	a5,a5
 200102a:	0cf9a823          	sw	a5,208(s3)
static inline void nor_cs(int assert) { NORSPI_CTRL = assert ? 1u : 0u; } /* 1=CS basso */
 200102e:	00042423          	sw	zero,8(s0)
    nor_cs(0);
    if (!g_flash_present) {
 2001032:	0d09a783          	lw	a5,208(s3)
 2001036:	6485                	lui	s1,0x1
 2001038:	0489                	addi	s1,s1,2 # 1002 <g_cols-0xffeffe>
        return;
    }

    /* scan: byte 2 (type) di ogni slot; valido se in {B,R,P,N,E}; head = ultimo+1 */
    int last = -1;
    for (int s = 0; s < N_SLOTS; s++) {
 200103a:	4401                	li	s0,0
    int last = -1;
 200103c:	5bfd                	li	s7,-1
    if (!g_flash_present) {
 200103e:	cf81                	beqz	a5,2001056 <nor_init+0xf0>
 2001040:	dc52                	sw	s4,56(sp)
 2001042:	da56                	sw	s5,52(sp)
 2001044:	d85a                	sw	s6,48(sp)
        uint8_t t;
        read_bytes(LOG_ADDR + (uint32_t)s * REC_LEN + 2u, &t, 1);
 2001046:	8a8a                	mv	s5,sp
 2001048:	4a05                	li	s4,1
 200104a:	49c1                	li	s3,16
 200104c:	6b55                	lui	s6,0x15
 200104e:	0b25                	addi	s6,s6,9 # 15009 <g_cols-0xfeaff7>
    for (int s = 0; s < N_SLOTS; s++) {
 2001050:	20000913          	li	s2,512
 2001054:	a04d                	j	20010f6 <nor_init+0x190>
        g_head = 0;
 2001056:	010017b7          	lui	a5,0x1001
 200105a:	0c07aa23          	sw	zero,212(a5) # 10010d4 <g_head>
 200105e:	02400613          	li	a2,36
 2001062:	020036b7          	lui	a3,0x2003
 2001066:	24468693          	addi	a3,a3,580 # 2003244 <display_tick+0x1308>
    while (UARTEXT_STATUS & 0x1u) {}   /* attende tx_busy=0 (letture bus ora funzionano) */
 200106a:	20000737          	lui	a4,0x20000
 200106e:	0751                	addi	a4,a4,20 # 20000014 <_data_lma+0x1dffc9e0>
    UARTEXT_DATA = (uint8_t)c;
 2001070:	20000537          	lui	a0,0x20000
    while (*s) uartext_putchar(*s++);
 2001074:	020035b7          	lui	a1,0x2003
 2001078:	24f58593          	addi	a1,a1,591 # 200324f <display_tick+0x1313>
 200107c:	0685                	addi	a3,a3,1
    while (UARTEXT_STATUS & 0x1u) {}   /* attende tx_busy=0 (letture bus ora funzionano) */
 200107e:	431c                	lw	a5,0(a4)
 2001080:	8b85                	andi	a5,a5,1
 2001082:	fff5                	bnez	a5,200107e <nor_init+0x118>
    UARTEXT_DATA = (uint8_t)c;
 2001084:	c110                	sw	a2,0(a0)
    while (*s) uartext_putchar(*s++);
 2001086:	0006c603          	lbu	a2,0(a3)
 200108a:	feb699e3          	bne	a3,a1,200107c <nor_init+0x116>
        uartext_puts("$NOR ko id="); diag_hh(j0);
 200108e:	8562                	mv	a0,s8
 2001090:	35a1                	jal	2000ed8 <diag_hh>
 2001092:	02000613          	li	a2,32
 2001096:	020036b7          	lui	a3,0x2003
 200109a:	1a468693          	addi	a3,a3,420 # 20031a4 <display_tick+0x1268>
    while (UARTEXT_STATUS & 0x1u) {}   /* attende tx_busy=0 (letture bus ora funzionano) */
 200109e:	20000737          	lui	a4,0x20000
 20010a2:	0751                	addi	a4,a4,20 # 20000014 <_data_lma+0x1dffc9e0>
    UARTEXT_DATA = (uint8_t)c;
 20010a4:	20000537          	lui	a0,0x20000
    while (*s) uartext_putchar(*s++);
 20010a8:	020035b7          	lui	a1,0x2003
 20010ac:	1a858593          	addi	a1,a1,424 # 20031a8 <display_tick+0x126c>
 20010b0:	0685                	addi	a3,a3,1
    while (UARTEXT_STATUS & 0x1u) {}   /* attende tx_busy=0 (letture bus ora funzionano) */
 20010b2:	431c                	lw	a5,0(a4)
 20010b4:	8b85                	andi	a5,a5,1
 20010b6:	fff5                	bnez	a5,20010b2 <nor_init+0x14c>
    UARTEXT_DATA = (uint8_t)c;
 20010b8:	c110                	sw	a2,0(a0)
    while (*s) uartext_putchar(*s++);
 20010ba:	0006c603          	lbu	a2,0(a3)
 20010be:	feb699e3          	bne	a3,a1,20010b0 <nor_init+0x14a>
        uartext_puts(" to="); diag_u32(g_spi_to); uartext_putchar('\n');
 20010c2:	010017b7          	lui	a5,0x1001
 20010c6:	0bc7a503          	lw	a0,188(a5) # 10010bc <g_spi_to>
 20010ca:	3b51                	jal	2000e5e <diag_u32>
    while (UARTEXT_STATUS & 0x1u) {}   /* attende tx_busy=0 (letture bus ora funzionano) */
 20010cc:	20000737          	lui	a4,0x20000
 20010d0:	0751                	addi	a4,a4,20 # 20000014 <_data_lma+0x1dffc9e0>
 20010d2:	431c                	lw	a5,0(a4)
 20010d4:	8b85                	andi	a5,a5,1
 20010d6:	fff5                	bnez	a5,20010d2 <nor_init+0x16c>
    UARTEXT_DATA = (uint8_t)c;
 20010d8:	200007b7          	lui	a5,0x20000
 20010dc:	4729                	li	a4,10
 20010de:	c398                	sw	a4,0(a5)
        dm_log("NOR ASSENTE");
 20010e0:	02003537          	lui	a0,0x2003
 20010e4:	27450513          	addi	a0,a0,628 # 2003274 <display_tick+0x1338>
 20010e8:	53f000ef          	jal	2001e26 <dm_log>
        return;
 20010ec:	aa61                	j	2001284 <nor_init+0x31e>
    for (int s = 0; s < N_SLOTS; s++) {
 20010ee:	0405                	addi	s0,s0,1
 20010f0:	04c1                	addi	s1,s1,16
 20010f2:	03240463          	beq	s0,s2,200111a <nor_init+0x1b4>
        read_bytes(LOG_ADDR + (uint32_t)s * REC_LEN + 2u, &t, 1);
 20010f6:	8652                	mv	a2,s4
 20010f8:	85d6                	mv	a1,s5
 20010fa:	8526                	mv	a0,s1
 20010fc:	396d                	jal	2000db6 <read_bytes>
        if (t == 'B' || t == 'R' || t == 'P' || t == 'N' || t == 'E') last = s;
 20010fe:	00014783          	lbu	a5,0(sp)
 2001102:	fbe78793          	addi	a5,a5,-66 # 1fffffbe <_data_lma+0x1dffc98a>
 2001106:	0ff7f793          	zext.b	a5,a5
 200110a:	fef9e2e3          	bltu	s3,a5,20010ee <nor_init+0x188>
 200110e:	00fb57b3          	srl	a5,s6,a5
 2001112:	8b85                	andi	a5,a5,1
 2001114:	dfe9                	beqz	a5,20010ee <nor_init+0x188>
 2001116:	8ba2                	mv	s7,s0
 2001118:	bfd9                	j	20010ee <nor_init+0x188>
    }
    g_head = (last + 1) % N_SLOTS;
 200111a:	0b85                	addi	s7,s7,1
 200111c:	41fbd713          	srai	a4,s7,0x1f
 2001120:	835d                	srli	a4,a4,0x17
 2001122:	00eb87b3          	add	a5,s7,a4
 2001126:	1ff7f793          	andi	a5,a5,511
 200112a:	8f99                	sub	a5,a5,a4
 200112c:	01001737          	lui	a4,0x1001
 2001130:	0cf72a23          	sw	a5,212(a4) # 10010d4 <g_head>

    /* settings persistiti -> applica subito il debug flag (b[19]) */
    {
        uint8_t s[SET_LEN];
        read_bytes(SET_ADDR, s, SET_LEN);
 2001134:	02000613          	li	a2,32
 2001138:	858a                	mv	a1,sp
 200113a:	4501                	li	a0,0
 200113c:	39ad                	jal	2000db6 <read_bytes>
        settings_apply(s);
 200113e:	850a                	mv	a0,sp
 2001140:	3c41                	jal	2000bd0 <settings_apply>
    while (*s) uartext_putchar(*s++);
 2001142:	02400613          	li	a2,36
 2001146:	020036b7          	lui	a3,0x2003
 200114a:	25068693          	addi	a3,a3,592 # 2003250 <display_tick+0x1314>
    while (UARTEXT_STATUS & 0x1u) {}   /* attende tx_busy=0 (letture bus ora funzionano) */
 200114e:	20000737          	lui	a4,0x20000
 2001152:	0751                	addi	a4,a4,20 # 20000014 <_data_lma+0x1dffc9e0>
    UARTEXT_DATA = (uint8_t)c;
 2001154:	20000537          	lui	a0,0x20000
    while (*s) uartext_putchar(*s++);
 2001158:	020035b7          	lui	a1,0x2003
 200115c:	25b58593          	addi	a1,a1,603 # 200325b <display_tick+0x131f>
 2001160:	0685                	addi	a3,a3,1
    while (UARTEXT_STATUS & 0x1u) {}   /* attende tx_busy=0 (letture bus ora funzionano) */
 2001162:	431c                	lw	a5,0(a4)
 2001164:	8b85                	andi	a5,a5,1
 2001166:	fff5                	bnez	a5,2001162 <nor_init+0x1fc>
    UARTEXT_DATA = (uint8_t)c;
 2001168:	c110                	sw	a2,0(a0)
    while (*s) uartext_putchar(*s++);
 200116a:	0006c603          	lbu	a2,0(a3)
 200116e:	feb699e3          	bne	a3,a1,2001160 <nor_init+0x1fa>
    }

    uartext_puts("$NOR ok id="); diag_hh(j0);
 2001172:	8562                	mv	a0,s8
 2001174:	3395                	jal	2000ed8 <diag_hh>
 2001176:	02000613          	li	a2,32
 200117a:	020036b7          	lui	a3,0x2003
 200117e:	25c68693          	addi	a3,a3,604 # 200325c <display_tick+0x1320>
    while (UARTEXT_STATUS & 0x1u) {}   /* attende tx_busy=0 (letture bus ora funzionano) */
 2001182:	20000737          	lui	a4,0x20000
 2001186:	0751                	addi	a4,a4,20 # 20000014 <_data_lma+0x1dffc9e0>
    UARTEXT_DATA = (uint8_t)c;
 2001188:	20000537          	lui	a0,0x20000
    while (*s) uartext_putchar(*s++);
 200118c:	020035b7          	lui	a1,0x2003
 2001190:	26058593          	addi	a1,a1,608 # 2003260 <display_tick+0x1324>
 2001194:	0685                	addi	a3,a3,1
    while (UARTEXT_STATUS & 0x1u) {}   /* attende tx_busy=0 (letture bus ora funzionano) */
 2001196:	431c                	lw	a5,0(a4)
 2001198:	8b85                	andi	a5,a5,1
 200119a:	fff5                	bnez	a5,2001196 <nor_init+0x230>
    UARTEXT_DATA = (uint8_t)c;
 200119c:	c110                	sw	a2,0(a0)
    while (*s) uartext_putchar(*s++);
 200119e:	0006c603          	lbu	a2,0(a3)
 20011a2:	feb699e3          	bne	a3,a1,2001194 <nor_init+0x22e>
    uartext_puts(" hd=");  diag_u32((uint32_t)g_head);
 20011a6:	010017b7          	lui	a5,0x1001
 20011aa:	0d47a503          	lw	a0,212(a5) # 10010d4 <g_head>
 20011ae:	3945                	jal	2000e5e <diag_u32>
 20011b0:	02000613          	li	a2,32
 20011b4:	020036b7          	lui	a3,0x2003
 20011b8:	26468693          	addi	a3,a3,612 # 2003264 <display_tick+0x1328>
    while (UARTEXT_STATUS & 0x1u) {}   /* attende tx_busy=0 (letture bus ora funzionano) */
 20011bc:	20000737          	lui	a4,0x20000
 20011c0:	0751                	addi	a4,a4,20 # 20000014 <_data_lma+0x1dffc9e0>
    UARTEXT_DATA = (uint8_t)c;
 20011c2:	20000537          	lui	a0,0x20000
    while (*s) uartext_putchar(*s++);
 20011c6:	020035b7          	lui	a1,0x2003
 20011ca:	26858593          	addi	a1,a1,616 # 2003268 <display_tick+0x132c>
 20011ce:	0685                	addi	a3,a3,1
    while (UARTEXT_STATUS & 0x1u) {}   /* attende tx_busy=0 (letture bus ora funzionano) */
 20011d0:	431c                	lw	a5,0(a4)
 20011d2:	8b85                	andi	a5,a5,1
 20011d4:	fff5                	bnez	a5,20011d0 <nor_init+0x26a>
    UARTEXT_DATA = (uint8_t)c;
 20011d6:	c110                	sw	a2,0(a0)
    while (*s) uartext_putchar(*s++);
 20011d8:	0006c603          	lbu	a2,0(a3)
 20011dc:	feb699e3          	bne	a3,a1,20011ce <nor_init+0x268>
    uartext_puts(" lk=");  diag_u32((uint32_t)g_chip_locked);
 20011e0:	010017b7          	lui	a5,0x1001
 20011e4:	0cc7a503          	lw	a0,204(a5) # 10010cc <g_chip_locked>
 20011e8:	399d                	jal	2000e5e <diag_u32>
 20011ea:	02000613          	li	a2,32
 20011ee:	020036b7          	lui	a3,0x2003
 20011f2:	1a468693          	addi	a3,a3,420 # 20031a4 <display_tick+0x1268>
    while (UARTEXT_STATUS & 0x1u) {}   /* attende tx_busy=0 (letture bus ora funzionano) */
 20011f6:	20000737          	lui	a4,0x20000
 20011fa:	0751                	addi	a4,a4,20 # 20000014 <_data_lma+0x1dffc9e0>
    UARTEXT_DATA = (uint8_t)c;
 20011fc:	20000537          	lui	a0,0x20000
    while (*s) uartext_putchar(*s++);
 2001200:	020035b7          	lui	a1,0x2003
 2001204:	1a858593          	addi	a1,a1,424 # 20031a8 <display_tick+0x126c>
 2001208:	0685                	addi	a3,a3,1
    while (UARTEXT_STATUS & 0x1u) {}   /* attende tx_busy=0 (letture bus ora funzionano) */
 200120a:	431c                	lw	a5,0(a4)
 200120c:	8b85                	andi	a5,a5,1
 200120e:	fff5                	bnez	a5,200120a <nor_init+0x2a4>
    UARTEXT_DATA = (uint8_t)c;
 2001210:	c110                	sw	a2,0(a0)
    while (*s) uartext_putchar(*s++);
 2001212:	0006c603          	lbu	a2,0(a3)
 2001216:	feb699e3          	bne	a3,a1,2001208 <nor_init+0x2a2>
    uartext_puts(" to=");  diag_u32(g_spi_to);
 200121a:	010017b7          	lui	a5,0x1001
 200121e:	0bc7a503          	lw	a0,188(a5) # 10010bc <g_spi_to>
 2001222:	3935                	jal	2000e5e <diag_u32>
 2001224:	02000613          	li	a2,32
 2001228:	020036b7          	lui	a3,0x2003
 200122c:	26c68693          	addi	a3,a3,620 # 200326c <display_tick+0x1330>
    while (UARTEXT_STATUS & 0x1u) {}   /* attende tx_busy=0 (letture bus ora funzionano) */
 2001230:	20000737          	lui	a4,0x20000
 2001234:	0751                	addi	a4,a4,20 # 20000014 <_data_lma+0x1dffc9e0>
    UARTEXT_DATA = (uint8_t)c;
 2001236:	20000537          	lui	a0,0x20000
    while (*s) uartext_putchar(*s++);
 200123a:	020035b7          	lui	a1,0x2003
 200123e:	27158593          	addi	a1,a1,625 # 2003271 <display_tick+0x1335>
 2001242:	0685                	addi	a3,a3,1
    while (UARTEXT_STATUS & 0x1u) {}   /* attende tx_busy=0 (letture bus ora funzionano) */
 2001244:	431c                	lw	a5,0(a4)
 2001246:	8b85                	andi	a5,a5,1
 2001248:	fff5                	bnez	a5,2001244 <nor_init+0x2de>
    UARTEXT_DATA = (uint8_t)c;
 200124a:	c110                	sw	a2,0(a0)
    while (*s) uartext_putchar(*s++);
 200124c:	0006c603          	lbu	a2,0(a3)
 2001250:	feb699e3          	bne	a3,a1,2001242 <nor_init+0x2dc>
    uartext_puts(" dbg="); diag_u32((uint32_t)g_nor_debug);
 2001254:	010017b7          	lui	a5,0x1001
 2001258:	0c47a503          	lw	a0,196(a5) # 10010c4 <g_nor_debug>
 200125c:	3109                	jal	2000e5e <diag_u32>
    while (UARTEXT_STATUS & 0x1u) {}   /* attende tx_busy=0 (letture bus ora funzionano) */
 200125e:	20000737          	lui	a4,0x20000
 2001262:	0751                	addi	a4,a4,20 # 20000014 <_data_lma+0x1dffc9e0>
 2001264:	431c                	lw	a5,0(a4)
 2001266:	8b85                	andi	a5,a5,1
 2001268:	fff5                	bnez	a5,2001264 <nor_init+0x2fe>
    UARTEXT_DATA = (uint8_t)c;
 200126a:	200007b7          	lui	a5,0x20000
 200126e:	4729                	li	a4,10
 2001270:	c398                	sw	a4,0(a5)
    uartext_putchar('\n');
    dm_log("NOR PRONTA");
 2001272:	02003537          	lui	a0,0x2003
 2001276:	28050513          	addi	a0,a0,640 # 2003280 <display_tick+0x1344>
 200127a:	3ad000ef          	jal	2001e26 <dm_log>
 200127e:	5a62                	lw	s4,56(sp)
 2001280:	5ad2                	lw	s5,52(sp)
 2001282:	5b42                	lw	s6,48(sp)
}
 2001284:	40b6                	lw	ra,76(sp)
 2001286:	4426                	lw	s0,72(sp)
 2001288:	4496                	lw	s1,68(sp)
 200128a:	4906                	lw	s2,64(sp)
 200128c:	59f2                	lw	s3,60(sp)
 200128e:	5bb2                	lw	s7,44(sp)
 2001290:	5c22                	lw	s8,40(sp)
 2001292:	6161                	addi	sp,sp,80
 2001294:	8082                	ret

02001296 <nor_log_get>:

/* legge il record 'back' posizioni dietro head (0 = piu' recente); 1 se valido.
 * Usato dal display per mostrare la memoria persistente senza passare dall'ESP32. */
int nor_log_get(int back, uint8_t rec[16]) {
 2001296:	872a                	mv	a4,a0
    if (!g_flash_present) return 0;
 2001298:	010017b7          	lui	a5,0x1001
 200129c:	0d07a503          	lw	a0,208(a5) # 10010d0 <g_flash_present>
 20012a0:	e111                	bnez	a0,20012a4 <nor_log_get+0xe>
    int slot = (g_head - 1 - back + 2 * N_SLOTS) % N_SLOTS;
    read_bytes(LOG_ADDR + (uint32_t)slot * REC_LEN, rec, REC_LEN);
    uint8_t t = rec[2];
    return (t == 'B' || t == 'R' || t == 'P' || t == 'N' || t == 'E');
}
 20012a2:	8082                	ret
int nor_log_get(int back, uint8_t rec[16]) {
 20012a4:	1141                	addi	sp,sp,-16
 20012a6:	c606                	sw	ra,12(sp)
 20012a8:	c422                	sw	s0,8(sp)
 20012aa:	842e                	mv	s0,a1
    int slot = (g_head - 1 - back + 2 * N_SLOTS) % N_SLOTS;
 20012ac:	010017b7          	lui	a5,0x1001
 20012b0:	0d47a783          	lw	a5,212(a5) # 10010d4 <g_head>
 20012b4:	40e78533          	sub	a0,a5,a4
 20012b8:	3ff50513          	addi	a0,a0,1023
 20012bc:	41f55793          	srai	a5,a0,0x1f
 20012c0:	83dd                	srli	a5,a5,0x17
 20012c2:	953e                	add	a0,a0,a5
 20012c4:	1ff57513          	andi	a0,a0,511
 20012c8:	8d1d                	sub	a0,a0,a5
    read_bytes(LOG_ADDR + (uint32_t)slot * REC_LEN, rec, REC_LEN);
 20012ca:	10050513          	addi	a0,a0,256
 20012ce:	4641                	li	a2,16
 20012d0:	0512                	slli	a0,a0,0x4
 20012d2:	34d5                	jal	2000db6 <read_bytes>
    return (t == 'B' || t == 'R' || t == 'P' || t == 'N' || t == 'E');
 20012d4:	00244783          	lbu	a5,2(s0)
 20012d8:	fbe78793          	addi	a5,a5,-66
 20012dc:	0ff7f793          	zext.b	a5,a5
 20012e0:	4741                	li	a4,16
 20012e2:	00f76b63          	bltu	a4,a5,20012f8 <nor_log_get+0x62>
 20012e6:	6555                	lui	a0,0x15
 20012e8:	0525                	addi	a0,a0,9 # 15009 <g_cols-0xfeaff7>
 20012ea:	00f55533          	srl	a0,a0,a5
 20012ee:	8905                	andi	a0,a0,1
}
 20012f0:	40b2                	lw	ra,12(sp)
 20012f2:	4422                	lw	s0,8(sp)
 20012f4:	0141                	addi	sp,sp,16
 20012f6:	8082                	ret
    return (t == 'B' || t == 'R' || t == 'P' || t == 'N' || t == 'E');
 20012f8:	4501                	li	a0,0
 20012fa:	bfdd                	j	20012f0 <nor_log_get+0x5a>

020012fc <nor_poll>:
    if (!(NORUART_STATUS & 0x2u)) return -1;     /* bit1 = rx_valid, non consuma */
 20012fc:	280007b7          	lui	a5,0x28000
 2001300:	4bdc                	lw	a5,20(a5)
 2001302:	8b89                	andi	a5,a5,2
 2001304:	2a078663          	beqz	a5,20015b0 <nor_poll+0x2b4>
    return (int)(NORUART_DATA & 0xFFu);          /* bit8 race -> ignorato */
 2001308:	280007b7          	lui	a5,0x28000
 200130c:	439c                	lw	a5,0(a5)
/* =================== dispatch comandi =================== */
void nor_poll(void) {
    int c = noruart_getc_nb();
    if (c < 0) return;

    switch (c) {
 200130e:	0ff7f793          	zext.b	a5,a5
 2001312:	fbd78793          	addi	a5,a5,-67 # 27ffffbd <_data_lma+0x25ffc989>
 2001316:	4745                	li	a4,17
 2001318:	28f76c63          	bltu	a4,a5,20015b0 <nor_poll+0x2b4>
void nor_poll(void) {
 200131c:	715d                	addi	sp,sp,-80
 200131e:	c686                	sw	ra,76(sp)
    switch (c) {
 2001320:	078a                	slli	a5,a5,0x2
 2001322:	02003737          	lui	a4,0x2003
 2001326:	40470713          	addi	a4,a4,1028 # 2003404 <H.2+0x14>
 200132a:	97ba                	add	a5,a5,a4
 200132c:	439c                	lw	a5,0(a5)
 200132e:	8782                	jr	a5
 2001330:	c4a2                	sw	s0,72(sp)
 2001332:	c2a6                	sw	s1,68(sp)
 2001334:	0800                	addi	s0,sp,16
 2001336:	1004                	addi	s1,sp,32
        case 'L': {                                  /* append 16 B */
            uint8_t rec[REC_LEN];
            for (unsigned i = 0; i < REC_LEN; i++) {
                int b = noruart_getc_to();
 2001338:	34e1                	jal	2000e00 <noruart_getc_to>
                if (b < 0) return;                   /* payload troncato: niente ack, l'ESP32 ritenta */
 200133a:	26054563          	bltz	a0,20015a4 <nor_poll+0x2a8>
                rec[i] = (uint8_t)b;
 200133e:	00a40023          	sb	a0,0(s0)
            for (unsigned i = 0; i < REC_LEN; i++) {
 2001342:	0405                	addi	s0,s0,1
 2001344:	fe849ae3          	bne	s1,s0,2001338 <nor_poll+0x3c>
            }
            if (!g_flash_present || g_chip_locked) { noruart_putc('E'); break; }   /* fail veloce */
 2001348:	010017b7          	lui	a5,0x1001
 200134c:	0d07a783          	lw	a5,208(a5) # 10010d0 <g_flash_present>
 2001350:	c791                	beqz	a5,200135c <nor_poll+0x60>
 2001352:	010017b7          	lui	a5,0x1001
 2001356:	0cc7a783          	lw	a5,204(a5) # 10010cc <g_chip_locked>
 200135a:	c799                	beqz	a5,2001368 <nor_poll+0x6c>
 200135c:	04500513          	li	a0,69
 2001360:	3cd1                	jal	2000e34 <noruart_putc>
 2001362:	4426                	lw	s0,72(sp)
 2001364:	4496                	lw	s1,68(sp)
 2001366:	aa55                	j	200151a <nor_poll+0x21e>
    uint32_t a = LOG_ADDR + (uint32_t)g_head * REC_LEN;
 2001368:	010017b7          	lui	a5,0x1001
 200136c:	0d47a403          	lw	s0,212(a5) # 10010d4 <g_head>
 2001370:	10040493          	addi	s1,s0,256
 2001374:	0492                	slli	s1,s1,0x4
    read_bytes(a, &b0, 1);
 2001376:	4605                	li	a2,1
 2001378:	00f10593          	addi	a1,sp,15
 200137c:	8526                	mv	a0,s1
 200137e:	3c25                	jal	2000db6 <read_bytes>
    if (b0 != 0xFF || g_head == 0 || g_head == 256) sector_erase(a);
 2001380:	eff47713          	andi	a4,s0,-257
 2001384:	00173713          	seqz	a4,a4
 2001388:	00f14783          	lbu	a5,15(sp)
 200138c:	f0178793          	addi	a5,a5,-255
 2001390:	8fd9                	or	a5,a5,a4
 2001392:	c399                	beqz	a5,2001398 <nor_poll+0x9c>
 2001394:	8526                	mv	a0,s1
 2001396:	3255                	jal	2000d3a <sector_erase>
    page_program(a, rec, REC_LEN);
 2001398:	4641                	li	a2,16
 200139a:	00c105b3          	add	a1,sp,a2
 200139e:	8526                	mv	a0,s1
 20013a0:	32e9                	jal	2000d6a <page_program>
    g_head = (g_head + 1) % N_SLOTS;
 20013a2:	0405                	addi	s0,s0,1
 20013a4:	41f45713          	srai	a4,s0,0x1f
 20013a8:	835d                	srli	a4,a4,0x17
 20013aa:	00e407b3          	add	a5,s0,a4
 20013ae:	1ff7f793          	andi	a5,a5,511
 20013b2:	8f99                	sub	a5,a5,a4
 20013b4:	01001737          	lui	a4,0x1001
 20013b8:	0cf72a23          	sw	a5,212(a4) # 10010d4 <g_head>
    g_log_epoch++;
 20013bc:	01001737          	lui	a4,0x1001
 20013c0:	0c872783          	lw	a5,200(a4) # 10010c8 <g_log_epoch>
 20013c4:	0785                	addi	a5,a5,1
 20013c6:	0cf72423          	sw	a5,200(a4)
            append_record(rec);
            noruart_putc('K');
 20013ca:	04b00513          	li	a0,75
 20013ce:	349d                	jal	2000e34 <noruart_putc>
            dm_log("NOR APPEND");
 20013d0:	02003537          	lui	a0,0x2003
 20013d4:	28c50513          	addi	a0,a0,652 # 200328c <display_tick+0x1350>
 20013d8:	24f000ef          	jal	2001e26 <dm_log>
            break;
 20013dc:	4426                	lw	s0,72(sp)
 20013de:	4496                	lw	s1,68(sp)
 20013e0:	aa2d                	j	200151a <nor_poll+0x21e>
 20013e2:	c4a2                	sw	s0,72(sp)
 20013e4:	c2a6                	sw	s1,68(sp)
 20013e6:	0800                	addi	s0,sp,16
 20013e8:	1804                	addi	s1,sp,48
        }
        case 'S': {                                  /* settings 32 B nel settore 0 */
            uint8_t s[SET_LEN];
            for (unsigned i = 0; i < SET_LEN; i++) {
                int b = noruart_getc_to();
 20013ea:	3c19                	jal	2000e00 <noruart_getc_to>
                if (b < 0) return;
 20013ec:	1a054f63          	bltz	a0,20015aa <nor_poll+0x2ae>
                s[i] = (uint8_t)b;
 20013f0:	00a40023          	sb	a0,0(s0)
            for (unsigned i = 0; i < SET_LEN; i++) {
 20013f4:	0405                	addi	s0,s0,1
 20013f6:	fe941ae3          	bne	s0,s1,20013ea <nor_poll+0xee>
            }
            if (!g_flash_present || g_chip_locked) { noruart_putc('E'); break; }
 20013fa:	010017b7          	lui	a5,0x1001
 20013fe:	0d07a783          	lw	a5,208(a5) # 10010d0 <g_flash_present>
 2001402:	c791                	beqz	a5,200140e <nor_poll+0x112>
 2001404:	010017b7          	lui	a5,0x1001
 2001408:	0cc7a783          	lw	a5,204(a5) # 10010cc <g_chip_locked>
 200140c:	c799                	beqz	a5,200141a <nor_poll+0x11e>
 200140e:	04500513          	li	a0,69
 2001412:	340d                	jal	2000e34 <noruart_putc>
 2001414:	4426                	lw	s0,72(sp)
 2001416:	4496                	lw	s1,68(sp)
 2001418:	a209                	j	200151a <nor_poll+0x21e>
            sector_erase(SET_ADDR);
 200141a:	4501                	li	a0,0
 200141c:	3a39                	jal	2000d3a <sector_erase>
            page_program(SET_ADDR, s, SET_LEN);
 200141e:	0800                	addi	s0,sp,16
 2001420:	02000613          	li	a2,32
 2001424:	85a2                	mv	a1,s0
 2001426:	4501                	li	a0,0
 2001428:	3289                	jal	2000d6a <page_program>
            settings_apply(s);                       /* debug flag live, senza reboot */
 200142a:	8522                	mv	a0,s0
 200142c:	fa4ff0ef          	jal	2000bd0 <settings_apply>
            noruart_putc('K');
 2001430:	04b00513          	li	a0,75
 2001434:	3401                	jal	2000e34 <noruart_putc>
            dm_log("NOR SETTINGS");
 2001436:	02003537          	lui	a0,0x2003
 200143a:	29850513          	addi	a0,a0,664 # 2003298 <display_tick+0x135c>
 200143e:	1e9000ef          	jal	2001e26 <dm_log>
            break;
 2001442:	4426                	lw	s0,72(sp)
 2001444:	4496                	lw	s1,68(sp)
 2001446:	a8d1                	j	200151a <nor_poll+0x21e>
 2001448:	c4a2                	sw	s0,72(sp)
 200144a:	c2a6                	sw	s1,68(sp)
        }
        case 'Q': {                                  /* read settings */
            uint8_t s[SET_LEN];
            read_bytes(SET_ADDR, s, SET_LEN);
 200144c:	0800                	addi	s0,sp,16
 200144e:	02000613          	li	a2,32
 2001452:	85a2                	mv	a1,s0
 2001454:	4501                	li	a0,0
 2001456:	3285                	jal	2000db6 <read_bytes>
            for (unsigned i = 0; i < SET_LEN; i++) noruart_putc(s[i]);
 2001458:	1804                	addi	s1,sp,48
 200145a:	00044503          	lbu	a0,0(s0)
 200145e:	3ad9                	jal	2000e34 <noruart_putc>
 2001460:	0405                	addi	s0,s0,1
 2001462:	fe941ce3          	bne	s0,s1,200145a <nor_poll+0x15e>
 2001466:	4426                	lw	s0,72(sp)
 2001468:	4496                	lw	s1,68(sp)
 200146a:	a845                	j	200151a <nor_poll+0x21e>
 200146c:	c4a2                	sw	s0,72(sp)
 200146e:	c2a6                	sw	s1,68(sp)
            break;
        }
        case 'G': {                                  /* read: slot(2) + n(1) -> n*16 B */
            int shi = noruart_getc_to(), slo = noruart_getc_to(), n = noruart_getc_to();
 2001470:	3a41                	jal	2000e00 <noruart_getc_to>
 2001472:	842a                	mv	s0,a0
 2001474:	3271                	jal	2000e00 <noruart_getc_to>
 2001476:	84aa                	mv	s1,a0
 2001478:	3261                	jal	2000e00 <noruart_getc_to>
            if (shi < 0 || slo < 0 || n < 0) return;
 200147a:	00946733          	or	a4,s0,s1
 200147e:	837d                	srli	a4,a4,0x1f
 2001480:	00152793          	slti	a5,a0,1
 2001484:	8fd9                	or	a5,a5,a4
 2001486:	c781                	beqz	a5,200148e <nor_poll+0x192>
 2001488:	4426                	lw	s0,72(sp)
 200148a:	4496                	lw	s1,68(sp)
 200148c:	a079                	j	200151a <nor_poll+0x21e>
 200148e:	c0ca                	sw	s2,64(sp)
 2001490:	de4e                	sw	s3,60(sp)
 2001492:	dc52                	sw	s4,56(sp)
            if (n > 4) n = 4;                        /* come flash_ctrl: gn max 4 */
 2001494:	89aa                	mv	s3,a0
 2001496:	4791                	li	a5,4
 2001498:	00a7d363          	bge	a5,a0,200149e <nor_poll+0x1a2>
 200149c:	89be                	mv	s3,a5
            int slot = ((shi << 8) | slo) % N_SLOTS;
 200149e:	00841793          	slli	a5,s0,0x8
 20014a2:	8fc5                	or	a5,a5,s1
 20014a4:	41f7d713          	srai	a4,a5,0x1f
 20014a8:	835d                	srli	a4,a4,0x17
 20014aa:	97ba                	add	a5,a5,a4
 20014ac:	1ff7f793          	andi	a5,a5,511
 20014b0:	8f99                	sub	a5,a5,a4
 20014b2:	8a3e                	mv	s4,a5
            for (int k = 0; k < n; k++) {
 20014b4:	4901                	li	s2,0
 20014b6:	1004                	addi	s1,sp,32
                uint8_t rec[REC_LEN];
                read_bytes(LOG_ADDR + (uint32_t)((slot + k) % N_SLOTS) * REC_LEN, rec, REC_LEN);
 20014b8:	012a07b3          	add	a5,s4,s2
 20014bc:	41f7d713          	srai	a4,a5,0x1f
 20014c0:	835d                	srli	a4,a4,0x17
 20014c2:	00e78533          	add	a0,a5,a4
 20014c6:	1ff57513          	andi	a0,a0,511
 20014ca:	8d19                	sub	a0,a0,a4
 20014cc:	10050513          	addi	a0,a0,256
 20014d0:	4641                	li	a2,16
 20014d2:	00c105b3          	add	a1,sp,a2
 20014d6:	0512                	slli	a0,a0,0x4
 20014d8:	38f9                	jal	2000db6 <read_bytes>
                for (unsigned i = 0; i < REC_LEN; i++) noruart_putc(rec[i]);
 20014da:	0800                	addi	s0,sp,16
 20014dc:	00044503          	lbu	a0,0(s0)
 20014e0:	3a91                	jal	2000e34 <noruart_putc>
 20014e2:	0405                	addi	s0,s0,1
 20014e4:	fe849ce3          	bne	s1,s0,20014dc <nor_poll+0x1e0>
            for (int k = 0; k < n; k++) {
 20014e8:	00190793          	addi	a5,s2,1
 20014ec:	893e                	mv	s2,a5
 20014ee:	fd37c5e3          	blt	a5,s3,20014b8 <nor_poll+0x1bc>
 20014f2:	4426                	lw	s0,72(sp)
 20014f4:	4496                	lw	s1,68(sp)
 20014f6:	4906                	lw	s2,64(sp)
 20014f8:	59f2                	lw	s3,60(sp)
 20014fa:	5a62                	lw	s4,56(sp)
 20014fc:	a839                	j	200151a <nor_poll+0x21e>
 20014fe:	c4a2                	sw	s0,72(sp)
            }
            break;
        }
        case 'H':                                    /* read head (2 B) */
            noruart_putc((uint8_t)(g_head >> 8));
 2001500:	010017b7          	lui	a5,0x1001
 2001504:	0d47a403          	lw	s0,212(a5) # 10010d4 <g_head>
 2001508:	40845513          	srai	a0,s0,0x8
 200150c:	0ff57513          	zext.b	a0,a0
 2001510:	3215                	jal	2000e34 <noruart_putc>
            noruart_putc((uint8_t)(g_head & 0xFF));
 2001512:	0ff47513          	zext.b	a0,s0
 2001516:	3a39                	jal	2000e34 <noruart_putc>
            break;
 2001518:	4426                	lw	s0,72(sp)
            noruart_putc(rdsr1());
            break;
        default:
            break;
    }
}
 200151a:	40b6                	lw	ra,76(sp)
 200151c:	6161                	addi	sp,sp,80
 200151e:	8082                	ret
            if (!g_flash_present) { g_head = 0; noruart_putc('E'); break; }
 2001520:	010017b7          	lui	a5,0x1001
 2001524:	0d07a783          	lw	a5,208(a5) # 10010d0 <g_flash_present>
 2001528:	eb89                	bnez	a5,200153a <nor_poll+0x23e>
 200152a:	010017b7          	lui	a5,0x1001
 200152e:	0c07aa23          	sw	zero,212(a5) # 10010d4 <g_head>
 2001532:	04500513          	li	a0,69
 2001536:	38fd                	jal	2000e34 <noruart_putc>
 2001538:	b7cd                	j	200151a <nor_poll+0x21e>
            sector_erase(LOG_ADDR);
 200153a:	6505                	lui	a0,0x1
 200153c:	ffeff0ef          	jal	2000d3a <sector_erase>
            sector_erase(LOG_ADDR + 0x1000u);
 2001540:	6509                	lui	a0,0x2
 2001542:	ff8ff0ef          	jal	2000d3a <sector_erase>
            g_head = 0;
 2001546:	010017b7          	lui	a5,0x1001
 200154a:	0c07aa23          	sw	zero,212(a5) # 10010d4 <g_head>
            g_log_epoch++;
 200154e:	01001737          	lui	a4,0x1001
 2001552:	0c872783          	lw	a5,200(a4) # 10010c8 <g_log_epoch>
 2001556:	0785                	addi	a5,a5,1
 2001558:	0cf72423          	sw	a5,200(a4)
            noruart_putc('K');
 200155c:	04b00513          	li	a0,75
 2001560:	38d1                	jal	2000e34 <noruart_putc>
            dm_log("NOR CLEAR");
 2001562:	02003537          	lui	a0,0x2003
 2001566:	2a850513          	addi	a0,a0,680 # 20032a8 <display_tick+0x136c>
 200156a:	0bd000ef          	jal	2001e26 <dm_log>
            break;
 200156e:	b775                	j	200151a <nor_poll+0x21e>
 2001570:	c4a2                	sw	s0,72(sp)
static inline void nor_cs(int assert) { NORSPI_CTRL = assert ? 1u : 0u; } /* 1=CS basso */
 2001572:	380007b7          	lui	a5,0x38000
 2001576:	4705                	li	a4,1
 2001578:	c798                	sw	a4,8(a5)
            nor_cs(1); nor_xfer(CMD_JEDEC);
 200157a:	09f00513          	li	a0,159
 200157e:	eb8ff0ef          	jal	2000c36 <nor_xfer>
 2001582:	440d                	li	s0,3
            for (int i = 0; i < 3; i++) noruart_putc(nor_xfer(0));
 2001584:	4501                	li	a0,0
 2001586:	eb0ff0ef          	jal	2000c36 <nor_xfer>
 200158a:	306d                	jal	2000e34 <noruart_putc>
 200158c:	147d                	addi	s0,s0,-1
 200158e:	f87d                	bnez	s0,2001584 <nor_poll+0x288>
static inline void nor_cs(int assert) { NORSPI_CTRL = assert ? 1u : 0u; } /* 1=CS basso */
 2001590:	380007b7          	lui	a5,0x38000
 2001594:	0007a423          	sw	zero,8(a5) # 38000008 <_data_lma+0x35ffc9d4>
            break;
 2001598:	4426                	lw	s0,72(sp)
 200159a:	b741                	j	200151a <nor_poll+0x21e>
            noruart_putc(rdsr1());
 200159c:	ef6ff0ef          	jal	2000c92 <rdsr1>
 20015a0:	3851                	jal	2000e34 <noruart_putc>
            break;
 20015a2:	bfa5                	j	200151a <nor_poll+0x21e>
 20015a4:	4426                	lw	s0,72(sp)
 20015a6:	4496                	lw	s1,68(sp)
 20015a8:	bf8d                	j	200151a <nor_poll+0x21e>
 20015aa:	4426                	lw	s0,72(sp)
 20015ac:	4496                	lw	s1,68(sp)
 20015ae:	b7b5                	j	200151a <nor_poll+0x21e>
 20015b0:	8082                	ret

020015b2 <probe>:
int      health_last_adc(void)  { return s_adc; }

/* solo al primo giro: marker prima di ogni prima-lettura di uno slave, cosi' se
 * una lettura non acka e la CPU resta appesa il monitor dice DOVE e' morta */
static void probe(const char *tag) {
    if (primed) return;
 20015b2:	010017b7          	lui	a5,0x1001
 20015b6:	0e87a783          	lw	a5,232(a5) # 10010e8 <primed>
 20015ba:	e3d1                	bnez	a5,200163e <probe+0x8c>
    while (UARTEXT_STATUS & 0x1u) {}   /* attende tx_busy=0 (letture bus ora funzionano) */
 20015bc:	20000737          	lui	a4,0x20000
 20015c0:	0751                	addi	a4,a4,20 # 20000014 <_data_lma+0x1dffc9e0>
 20015c2:	431c                	lw	a5,0(a4)
 20015c4:	8b85                	andi	a5,a5,1
 20015c6:	fff5                	bnez	a5,20015c2 <probe+0x10>
    UARTEXT_DATA = (uint8_t)c;
 20015c8:	200007b7          	lui	a5,0x20000
 20015cc:	02400713          	li	a4,36
 20015d0:	c398                	sw	a4,0(a5)
    while (UARTEXT_STATUS & 0x1u) {}   /* attende tx_busy=0 (letture bus ora funzionano) */
 20015d2:	01478713          	addi	a4,a5,20 # 20000014 <_data_lma+0x1dffc9e0>
 20015d6:	431c                	lw	a5,0(a4)
 20015d8:	8b85                	andi	a5,a5,1
 20015da:	fff5                	bnez	a5,20015d6 <probe+0x24>
    UARTEXT_DATA = (uint8_t)c;
 20015dc:	200007b7          	lui	a5,0x20000
 20015e0:	04800713          	li	a4,72
 20015e4:	c398                	sw	a4,0(a5)
    while (UARTEXT_STATUS & 0x1u) {}   /* attende tx_busy=0 (letture bus ora funzionano) */
 20015e6:	01478713          	addi	a4,a5,20 # 20000014 <_data_lma+0x1dffc9e0>
 20015ea:	431c                	lw	a5,0(a4)
 20015ec:	8b85                	andi	a5,a5,1
 20015ee:	fff5                	bnez	a5,20015ea <probe+0x38>
    UARTEXT_DATA = (uint8_t)c;
 20015f0:	200007b7          	lui	a5,0x20000
 20015f4:	05000713          	li	a4,80
 20015f8:	c398                	sw	a4,0(a5)
    while (UARTEXT_STATUS & 0x1u) {}   /* attende tx_busy=0 (letture bus ora funzionano) */
 20015fa:	01478713          	addi	a4,a5,20 # 20000014 <_data_lma+0x1dffc9e0>
 20015fe:	431c                	lw	a5,0(a4)
 2001600:	8b85                	andi	a5,a5,1
 2001602:	fff5                	bnez	a5,20015fe <probe+0x4c>
    UARTEXT_DATA = (uint8_t)c;
 2001604:	200007b7          	lui	a5,0x20000
 2001608:	02000713          	li	a4,32
 200160c:	c398                	sw	a4,0(a5)
    uartext_putchar('$'); uartext_putchar('H'); uartext_putchar('P'); uartext_putchar(' ');
    while (*tag) uartext_putchar(*tag++);
 200160e:	00054683          	lbu	a3,0(a0)
 2001612:	ce81                	beqz	a3,200162a <probe+0x78>
    while (UARTEXT_STATUS & 0x1u) {}   /* attende tx_busy=0 (letture bus ora funzionano) */
 2001614:	01478713          	addi	a4,a5,20 # 20000014 <_data_lma+0x1dffc9e0>
    UARTEXT_DATA = (uint8_t)c;
 2001618:	863e                	mv	a2,a5
 200161a:	0505                	addi	a0,a0,1
    while (UARTEXT_STATUS & 0x1u) {}   /* attende tx_busy=0 (letture bus ora funzionano) */
 200161c:	431c                	lw	a5,0(a4)
 200161e:	8b85                	andi	a5,a5,1
 2001620:	fff5                	bnez	a5,200161c <probe+0x6a>
    UARTEXT_DATA = (uint8_t)c;
 2001622:	c214                	sw	a3,0(a2)
 2001624:	00054683          	lbu	a3,0(a0)
 2001628:	faed                	bnez	a3,200161a <probe+0x68>
    while (UARTEXT_STATUS & 0x1u) {}   /* attende tx_busy=0 (letture bus ora funzionano) */
 200162a:	20000737          	lui	a4,0x20000
 200162e:	0751                	addi	a4,a4,20 # 20000014 <_data_lma+0x1dffc9e0>
 2001630:	431c                	lw	a5,0(a4)
 2001632:	8b85                	andi	a5,a5,1
 2001634:	fff5                	bnez	a5,2001630 <probe+0x7e>
    UARTEXT_DATA = (uint8_t)c;
 2001636:	200007b7          	lui	a5,0x20000
 200163a:	4729                	li	a4,10
 200163c:	c398                	sw	a4,0(a5)
    uartext_putchar('\n');
}
 200163e:	8082                	ret

02001640 <put_s>:

static void put_s(const char *s) { while (*s) uartext_putchar(*s++); }
 2001640:	00054683          	lbu	a3,0(a0)
 2001644:	ce91                	beqz	a3,2001660 <put_s+0x20>
    while (UARTEXT_STATUS & 0x1u) {}   /* attende tx_busy=0 (letture bus ora funzionano) */
 2001646:	20000737          	lui	a4,0x20000
 200164a:	0751                	addi	a4,a4,20 # 20000014 <_data_lma+0x1dffc9e0>
    UARTEXT_DATA = (uint8_t)c;
 200164c:	20000637          	lui	a2,0x20000
 2001650:	0505                	addi	a0,a0,1
    while (UARTEXT_STATUS & 0x1u) {}   /* attende tx_busy=0 (letture bus ora funzionano) */
 2001652:	431c                	lw	a5,0(a4)
 2001654:	8b85                	andi	a5,a5,1
 2001656:	fff5                	bnez	a5,2001652 <put_s+0x12>
    UARTEXT_DATA = (uint8_t)c;
 2001658:	c214                	sw	a3,0(a2)
 200165a:	00054683          	lbu	a3,0(a0)
 200165e:	faed                	bnez	a3,2001650 <put_s+0x10>
 2001660:	8082                	ret

02001662 <health_last_mask>:
unsigned health_last_mask(void) { return s_mask; }
 2001662:	010017b7          	lui	a5,0x1001
 2001666:	0e47d503          	lhu	a0,228(a5) # 10010e4 <s_mask>
 200166a:	8082                	ret

0200166c <health_last_fft>:
int      health_last_fft(void)  { return s_fft; }
 200166c:	010017b7          	lui	a5,0x1001
 2001670:	0e07a503          	lw	a0,224(a5) # 10010e0 <s_fft>
 2001674:	8082                	ret

02001676 <health_last_adc>:
int      health_last_adc(void)  { return s_adc; }
 2001676:	010017b7          	lui	a5,0x1001
 200167a:	0dc7a503          	lw	a0,220(a5) # 10010dc <s_adc>
 200167e:	8082                	ret

02001680 <health_tick>:
    uartext_putchar(H[(v >> 8) & 0xF]);
    uartext_putchar(H[(v >> 4) & 0xF]);
    uartext_putchar(H[v & 0xF]);
}

void health_tick(void) {
 2001680:	7179                	addi	sp,sp,-48
 2001682:	d606                	sw	ra,44(sp)
 2001684:	d226                	sw	s1,36(sp)
 2001686:	c00026f3          	rdcycle	a3
    static uint32_t last = 0;
    uint32_t now = rdcycle32();
    /* prima scansione (probe + baseline) ~3 s dal boot, poi report ogni 15 s */
    uint32_t period = primed ? 15u * CPU_HZ : 3u * CPU_HZ;
 200168a:	010017b7          	lui	a5,0x1001
 200168e:	0e87a483          	lw	s1,232(a5) # 10010e8 <primed>
 2001692:	073df7b7          	lui	a5,0x73df
 2001696:	16078793          	addi	a5,a5,352 # 73df160 <_data_lma+0x53dbb2c>
 200169a:	c489                	beqz	s1,20016a4 <health_tick+0x24>
 200169c:	2435b7b7          	lui	a5,0x2435b
 20016a0:	6e078793          	addi	a5,a5,1760 # 2435b6e0 <_data_lma+0x223580ac>
    if ((uint32_t)(now - last) < period) return;
 20016a4:	01001737          	lui	a4,0x1001
 20016a8:	0d872703          	lw	a4,216(a4) # 10010d8 <last.3>
 20016ac:	40e68733          	sub	a4,a3,a4
 20016b0:	00f77663          	bgeu	a4,a5,20016bc <health_tick+0x3c>
    put_s(" fft=");    uartext_putchar(fft ? '1' : '0');
    put_s(" nor=");    uartext_putchar(nor_present() ? '1' : '0');
    put_s(" lk=");     uartext_putchar(nor_locked() ? '1' : '0');
    put_s(" hd=");     put_u((uint32_t)nor_head());
    uartext_putchar('\n');
}
 20016b4:	50b2                	lw	ra,44(sp)
 20016b6:	5492                	lw	s1,36(sp)
 20016b8:	6145                	addi	sp,sp,48
 20016ba:	8082                	ret
 20016bc:	d422                	sw	s0,40(sp)
 20016be:	d04a                	sw	s2,32(sp)
 20016c0:	ce4e                	sw	s3,28(sp)
    last = now;
 20016c2:	010017b7          	lui	a5,0x1001
 20016c6:	0cd7ac23          	sw	a3,216(a5) # 10010d8 <last.3>
    probe("s0");
 20016ca:	02003537          	lui	a0,0x2003
 20016ce:	2b450513          	addi	a0,a0,692 # 20032b4 <display_tick+0x1378>
 20016d2:	35c5                	jal	20015b2 <probe>
    uint32_t rdy = S0_RDYCNT, irq = S0_IRQCNT;
 20016d4:	480007b7          	lui	a5,0x48000
 20016d8:	0847a783          	lw	a5,132(a5) # 48000084 <_data_lma+0x45ffca50>
 20016dc:	89be                	mv	s3,a5
 20016de:	480007b7          	lui	a5,0x48000
 20016e2:	08c7a403          	lw	s0,140(a5) # 4800008c <_data_lma+0x45ffca58>
    v = S0_STATUS;                                   /* burst<=19 e idx<=26 */
 20016e6:	0807a703          	lw	a4,128(a5)
    if (((v >> 8) & 0x1Fu) <= 19u && (v & 0x3Fu) <= 26u) m |= 1u << 0;
 20016ea:	00875793          	srli	a5,a4,0x8
 20016ee:	8bfd                	andi	a5,a5,31
 20016f0:	46cd                	li	a3,19
    uint16_t m = 0;
 20016f2:	4901                	li	s2,0
    if (((v >> 8) & 0x1Fu) <= 19u && (v & 0x3Fu) <= 26u) m |= 1u << 0;
 20016f4:	00f6e663          	bltu	a3,a5,2001700 <health_tick+0x80>
 20016f8:	03f77713          	andi	a4,a4,63
 20016fc:	01b73913          	sltiu	s2,a4,27
    if (primed && rdy != prev_rdy)                   m |= 1u << 1;   /* S1 via S0/0x84 */
 2001700:	c889                	beqz	s1,2001712 <health_tick+0x92>
 2001702:	010017b7          	lui	a5,0x1001
 2001706:	0f47a783          	lw	a5,244(a5) # 10010f4 <prev_rdy>
 200170a:	01378463          	beq	a5,s3,2001712 <health_tick+0x92>
 200170e:	00296913          	ori	s2,s2,2
    probe("s2");
 2001712:	02003537          	lui	a0,0x2003
 2001716:	2b850513          	addi	a0,a0,696 # 20032b8 <display_tick+0x137c>
 200171a:	3d61                	jal	20015b2 <probe>
    if (S2_PWM10 == 0u)                              m |= 1u << 2;
 200171c:	500007b7          	lui	a5,0x50000
 2001720:	439c                	lw	a5,0(a5)
 2001722:	e399                	bnez	a5,2001728 <health_tick+0xa8>
 2001724:	00496913          	ori	s2,s2,4
    probe("s3");
 2001728:	02003537          	lui	a0,0x2003
 200172c:	2bc50513          	addi	a0,a0,700 # 20032bc <display_tick+0x1380>
 2001730:	3549                	jal	20015b2 <probe>
    if (S3_PWM4 == 0u)                               m |= 1u << 3;
 2001732:	600007b7          	lui	a5,0x60000
 2001736:	439c                	lw	a5,0(a5)
 2001738:	e399                	bnez	a5,200173e <health_tick+0xbe>
 200173a:	00896913          	ori	s2,s2,8
    probe("s5");
 200173e:	02003537          	lui	a0,0x2003
 2001742:	2c050513          	addi	a0,a0,704 # 20032c0 <display_tick+0x1384>
 2001746:	35b5                	jal	20015b2 <probe>
    if (S5_DMA == 0u)                                m |= 1u << 5;
 2001748:	300007b7          	lui	a5,0x30000
 200174c:	439c                	lw	a5,0(a5)
 200174e:	e399                	bnez	a5,2001754 <health_tick+0xd4>
 2001750:	02096913          	ori	s2,s2,32
    probe("s6");
 2001754:	02003537          	lui	a0,0x2003
 2001758:	2c450513          	addi	a0,a0,708 # 20032c4 <display_tick+0x1388>
 200175c:	3d99                	jal	20015b2 <probe>
    if ((UARTEXT_STATUS & 0xFFFFFFFCu) == 0u)        m |= 1u << 6;
 200175e:	200007b7          	lui	a5,0x20000
 2001762:	4bd8                	lw	a4,20(a5)
 2001764:	478d                	li	a5,3
 2001766:	00e7e463          	bltu	a5,a4,200176e <health_tick+0xee>
 200176a:	04096913          	ori	s2,s2,64
    probe("s7");
 200176e:	02003537          	lui	a0,0x2003
 2001772:	2c850513          	addi	a0,a0,712 # 20032c8 <display_tick+0x138c>
 2001776:	3d35                	jal	20015b2 <probe>
    if ((NORUART_STATUS & 0xFFFFFFFCu) == 0u)        m |= 1u << 7;
 2001778:	280007b7          	lui	a5,0x28000
 200177c:	4bd8                	lw	a4,20(a5)
 200177e:	478d                	li	a5,3
 2001780:	00e7e463          	bltu	a5,a4,2001788 <health_tick+0x108>
 2001784:	08096913          	ori	s2,s2,128
    probe("s8");
 2001788:	02003537          	lui	a0,0x2003
 200178c:	2cc50513          	addi	a0,a0,716 # 20032cc <display_tick+0x1390>
 2001790:	350d                	jal	20015b2 <probe>
    if ((NORSPI_STATUS & 0xFFFFFFFCu) == 0u)         m |= 1u << 8;
 2001792:	380007b7          	lui	a5,0x38000
 2001796:	47d8                	lw	a4,12(a5)
 2001798:	478d                	li	a5,3
 200179a:	00e7e463          	bltu	a5,a4,20017a2 <health_tick+0x122>
 200179e:	10096913          	ori	s2,s2,256
    probe("s4");                                     /* per ultimo: era il piantato */
 20017a2:	02003537          	lui	a0,0x2003
 20017a6:	2d050513          	addi	a0,a0,720 # 20032d0 <display_tick+0x1394>
 20017aa:	3521                	jal	20015b2 <probe>
    if ((GPIO_REG & 0xFFFFFFFEu) == 0u)              m |= 1u << 4;
 20017ac:	700007b7          	lui	a5,0x70000
 20017b0:	4398                	lw	a4,0(a5)
 20017b2:	4785                	li	a5,1
 20017b4:	08e7f263          	bgeu	a5,a4,2001838 <health_tick+0x1b8>
    probe("done");
 20017b8:	02003537          	lui	a0,0x2003
 20017bc:	2d450513          	addi	a0,a0,724 # 20032d4 <display_tick+0x1398>
 20017c0:	3bcd                	jal	20015b2 <probe>
    int fft = (primed && irq != prev_irq) ? 1 : 0;
 20017c2:	c881                	beqz	s1,20017d2 <health_tick+0x152>
 20017c4:	010017b7          	lui	a5,0x1001
 20017c8:	0f07a483          	lw	s1,240(a5) # 10010f0 <prev_irq>
 20017cc:	8c81                	sub	s1,s1,s0
 20017ce:	009034b3          	snez	s1,s1
    prev_rdy = rdy; prev_irq = irq;
 20017d2:	010017b7          	lui	a5,0x1001
 20017d6:	0f37aa23          	sw	s3,244(a5) # 10010f4 <prev_rdy>
 20017da:	010017b7          	lui	a5,0x1001
 20017de:	0e87a823          	sw	s0,240(a5) # 10010f0 <prev_irq>
    uint16_t rep = (uint16_t)(m | prev_mask);
 20017e2:	010017b7          	lui	a5,0x1001
 20017e6:	0ec7d403          	lhu	s0,236(a5) # 10010ec <prev_mask>
 20017ea:	00896433          	or	s0,s2,s0
    prev_mask = m;
 20017ee:	0f279623          	sh	s2,236(a5)
    s_mask = rep; s_fft = fft; s_adc = (rep >> 1) & 1;
 20017f2:	010017b7          	lui	a5,0x1001
 20017f6:	0e879223          	sh	s0,228(a5) # 10010e4 <s_mask>
 20017fa:	010017b7          	lui	a5,0x1001
 20017fe:	0e97a023          	sw	s1,224(a5) # 10010e0 <s_fft>
 2001802:	00145793          	srli	a5,s0,0x1
 2001806:	8b85                	andi	a5,a5,1
 2001808:	01001737          	lui	a4,0x1001
 200180c:	0cf72e23          	sw	a5,220(a4) # 10010dc <s_adc>
        if (rep != logged) {
 2001810:	010007b7          	lui	a5,0x1000
 2001814:	0127d783          	lhu	a5,18(a5) # 1000012 <logged.2>
 2001818:	02879363          	bne	a5,s0,200183e <health_tick+0x1be>
    if (!primed) { primed = 1; return; }             /* 1o giro: solo baseline */
 200181c:	010017b7          	lui	a5,0x1001
 2001820:	0e87a783          	lw	a5,232(a5) # 10010e8 <primed>
 2001824:	ebc9                	bnez	a5,20018b6 <health_tick+0x236>
 2001826:	010017b7          	lui	a5,0x1001
 200182a:	4705                	li	a4,1
 200182c:	0ee7a423          	sw	a4,232(a5) # 10010e8 <primed>
 2001830:	5422                	lw	s0,40(sp)
 2001832:	5902                	lw	s2,32(sp)
 2001834:	49f2                	lw	s3,28(sp)
 2001836:	bdbd                	j	20016b4 <health_tick+0x34>
    if ((GPIO_REG & 0xFFFFFFFEu) == 0u)              m |= 1u << 4;
 2001838:	01096913          	ori	s2,s2,16
 200183c:	bfb5                	j	20017b8 <health_tick+0x138>
            b[0]='H'; b[1]='L'; b[2]='T'; b[3]=' '; b[4]='M'; b[5]='=';
 200183e:	04800793          	li	a5,72
 2001842:	00f10223          	sb	a5,4(sp)
 2001846:	04c00793          	li	a5,76
 200184a:	00f102a3          	sb	a5,5(sp)
 200184e:	05400793          	li	a5,84
 2001852:	00f10323          	sb	a5,6(sp)
 2001856:	02000793          	li	a5,32
 200185a:	00f103a3          	sb	a5,7(sp)
 200185e:	04d00793          	li	a5,77
 2001862:	00f10423          	sb	a5,8(sp)
 2001866:	03d00793          	li	a5,61
 200186a:	00f104a3          	sb	a5,9(sp)
            b[6]=H[(rep >> 8) & 0xF]; b[7]=H[(rep >> 4) & 0xF]; b[8]=H[rep & 0xF];
 200186e:	020037b7          	lui	a5,0x2003
 2001872:	46078793          	addi	a5,a5,1120 # 2003460 <H.1>
 2001876:	00845713          	srli	a4,s0,0x8
 200187a:	8b3d                	andi	a4,a4,15
 200187c:	973e                	add	a4,a4,a5
 200187e:	00074703          	lbu	a4,0(a4)
 2001882:	00e10523          	sb	a4,10(sp)
 2001886:	00445713          	srli	a4,s0,0x4
 200188a:	8b3d                	andi	a4,a4,15
 200188c:	973e                	add	a4,a4,a5
 200188e:	00074703          	lbu	a4,0(a4)
 2001892:	00e105a3          	sb	a4,11(sp)
 2001896:	00f47713          	andi	a4,s0,15
 200189a:	97ba                	add	a5,a5,a4
 200189c:	0007c783          	lbu	a5,0(a5)
 20018a0:	00f10623          	sb	a5,12(sp)
            b[9]=0;
 20018a4:	000106a3          	sb	zero,13(sp)
            dm_log(b);
 20018a8:	0048                	addi	a0,sp,4
 20018aa:	2bb5                	jal	2001e26 <dm_log>
            logged = rep;
 20018ac:	010007b7          	lui	a5,0x1000
 20018b0:	00879923          	sh	s0,18(a5) # 1000012 <logged.2>
 20018b4:	b7a5                	j	200181c <health_tick+0x19c>
    put_s("$HLT m=");  put_hex3(rep);
 20018b6:	02003537          	lui	a0,0x2003
 20018ba:	2dc50513          	addi	a0,a0,732 # 20032dc <display_tick+0x13a0>
 20018be:	3349                	jal	2001640 <put_s>
    uartext_putchar(H[(v >> 8) & 0xF]);
 20018c0:	00845713          	srli	a4,s0,0x8
 20018c4:	8b3d                	andi	a4,a4,15
 20018c6:	020037b7          	lui	a5,0x2003
 20018ca:	46078793          	addi	a5,a5,1120 # 2003460 <H.1>
 20018ce:	97ba                	add	a5,a5,a4
 20018d0:	0147c683          	lbu	a3,20(a5)
    while (UARTEXT_STATUS & 0x1u) {}   /* attende tx_busy=0 (letture bus ora funzionano) */
 20018d4:	20000737          	lui	a4,0x20000
 20018d8:	0751                	addi	a4,a4,20 # 20000014 <_data_lma+0x1dffc9e0>
 20018da:	431c                	lw	a5,0(a4)
 20018dc:	8b85                	andi	a5,a5,1
 20018de:	fff5                	bnez	a5,20018da <health_tick+0x25a>
    UARTEXT_DATA = (uint8_t)c;
 20018e0:	200007b7          	lui	a5,0x20000
 20018e4:	c394                	sw	a3,0(a5)
    uartext_putchar(H[(v >> 4) & 0xF]);
 20018e6:	00445713          	srli	a4,s0,0x4
 20018ea:	8b3d                	andi	a4,a4,15
 20018ec:	020037b7          	lui	a5,0x2003
 20018f0:	46078793          	addi	a5,a5,1120 # 2003460 <H.1>
 20018f4:	97ba                	add	a5,a5,a4
 20018f6:	0147c683          	lbu	a3,20(a5)
    while (UARTEXT_STATUS & 0x1u) {}   /* attende tx_busy=0 (letture bus ora funzionano) */
 20018fa:	20000737          	lui	a4,0x20000
 20018fe:	0751                	addi	a4,a4,20 # 20000014 <_data_lma+0x1dffc9e0>
 2001900:	431c                	lw	a5,0(a4)
 2001902:	8b85                	andi	a5,a5,1
 2001904:	fff5                	bnez	a5,2001900 <health_tick+0x280>
    UARTEXT_DATA = (uint8_t)c;
 2001906:	200007b7          	lui	a5,0x20000
 200190a:	c394                	sw	a3,0(a5)
    uartext_putchar(H[v & 0xF]);
 200190c:	00f47713          	andi	a4,s0,15
 2001910:	020037b7          	lui	a5,0x2003
 2001914:	46078793          	addi	a5,a5,1120 # 2003460 <H.1>
 2001918:	97ba                	add	a5,a5,a4
 200191a:	0147c683          	lbu	a3,20(a5)
    while (UARTEXT_STATUS & 0x1u) {}   /* attende tx_busy=0 (letture bus ora funzionano) */
 200191e:	20000737          	lui	a4,0x20000
 2001922:	0751                	addi	a4,a4,20 # 20000014 <_data_lma+0x1dffc9e0>
 2001924:	431c                	lw	a5,0(a4)
 2001926:	8b85                	andi	a5,a5,1
 2001928:	fff5                	bnez	a5,2001924 <health_tick+0x2a4>
    UARTEXT_DATA = (uint8_t)c;
 200192a:	200007b7          	lui	a5,0x20000
 200192e:	c394                	sw	a3,0(a5)
    put_s(" adc=");    uartext_putchar((rep & (1u << 1)) ? '1' : '0');
 2001930:	02003537          	lui	a0,0x2003
 2001934:	2e450513          	addi	a0,a0,740 # 20032e4 <display_tick+0x13a8>
 2001938:	3321                	jal	2001640 <put_s>
 200193a:	8809                	andi	s0,s0,2
 200193c:	00803433          	snez	s0,s0
 2001940:	03040413          	addi	s0,s0,48
    while (UARTEXT_STATUS & 0x1u) {}   /* attende tx_busy=0 (letture bus ora funzionano) */
 2001944:	20000737          	lui	a4,0x20000
 2001948:	0751                	addi	a4,a4,20 # 20000014 <_data_lma+0x1dffc9e0>
 200194a:	431c                	lw	a5,0(a4)
 200194c:	8b85                	andi	a5,a5,1
 200194e:	fff5                	bnez	a5,200194a <health_tick+0x2ca>
    UARTEXT_DATA = (uint8_t)c;
 2001950:	200007b7          	lui	a5,0x20000
 2001954:	c380                	sw	s0,0(a5)
    put_s(" fft=");    uartext_putchar(fft ? '1' : '0');
 2001956:	02003537          	lui	a0,0x2003
 200195a:	2ec50513          	addi	a0,a0,748 # 20032ec <display_tick+0x13b0>
 200195e:	31cd                	jal	2001640 <put_s>
 2001960:	03048493          	addi	s1,s1,48
    while (UARTEXT_STATUS & 0x1u) {}   /* attende tx_busy=0 (letture bus ora funzionano) */
 2001964:	20000737          	lui	a4,0x20000
 2001968:	0751                	addi	a4,a4,20 # 20000014 <_data_lma+0x1dffc9e0>
 200196a:	431c                	lw	a5,0(a4)
 200196c:	8b85                	andi	a5,a5,1
 200196e:	fff5                	bnez	a5,200196a <health_tick+0x2ea>
    UARTEXT_DATA = (uint8_t)c;
 2001970:	200007b7          	lui	a5,0x20000
 2001974:	c384                	sw	s1,0(a5)
    put_s(" nor=");    uartext_putchar(nor_present() ? '1' : '0');
 2001976:	02003537          	lui	a0,0x2003
 200197a:	2f450513          	addi	a0,a0,756 # 20032f4 <display_tick+0x13b8>
 200197e:	31c9                	jal	2001640 <put_s>
 2001980:	da0ff0ef          	jal	2000f20 <nor_present>
 2001984:	00a03533          	snez	a0,a0
 2001988:	03050513          	addi	a0,a0,48
    while (UARTEXT_STATUS & 0x1u) {}   /* attende tx_busy=0 (letture bus ora funzionano) */
 200198c:	20000737          	lui	a4,0x20000
 2001990:	0751                	addi	a4,a4,20 # 20000014 <_data_lma+0x1dffc9e0>
 2001992:	431c                	lw	a5,0(a4)
 2001994:	8b85                	andi	a5,a5,1
 2001996:	fff5                	bnez	a5,2001992 <health_tick+0x312>
    UARTEXT_DATA = (uint8_t)c;
 2001998:	200007b7          	lui	a5,0x20000
 200199c:	c388                	sw	a0,0(a5)
    put_s(" lk=");     uartext_putchar(nor_locked() ? '1' : '0');
 200199e:	02003537          	lui	a0,0x2003
 20019a2:	26450513          	addi	a0,a0,612 # 2003264 <display_tick+0x1328>
 20019a6:	3969                	jal	2001640 <put_s>
 20019a8:	d82ff0ef          	jal	2000f2a <nor_locked>
 20019ac:	00a03533          	snez	a0,a0
 20019b0:	03050513          	addi	a0,a0,48
    while (UARTEXT_STATUS & 0x1u) {}   /* attende tx_busy=0 (letture bus ora funzionano) */
 20019b4:	20000737          	lui	a4,0x20000
 20019b8:	0751                	addi	a4,a4,20 # 20000014 <_data_lma+0x1dffc9e0>
 20019ba:	431c                	lw	a5,0(a4)
 20019bc:	8b85                	andi	a5,a5,1
 20019be:	fff5                	bnez	a5,20019ba <health_tick+0x33a>
    UARTEXT_DATA = (uint8_t)c;
 20019c0:	200007b7          	lui	a5,0x20000
 20019c4:	c388                	sw	a0,0(a5)
    put_s(" hd=");     put_u((uint32_t)nor_head());
 20019c6:	02003537          	lui	a0,0x2003
 20019ca:	25c50513          	addi	a0,a0,604 # 200325c <display_tick+0x1320>
 20019ce:	398d                	jal	2001640 <put_s>
 20019d0:	d64ff0ef          	jal	2000f34 <nor_head>
    char b[10]; int i = 0;
 20019d4:	4681                	li	a3,0
    while (v) { b[i++] = (char)('0' + (v % 10u)); v /= 10u; }
 20019d6:	00410893          	addi	a7,sp,4
 20019da:	ccccd5b7          	lui	a1,0xccccd
 20019de:	ccd58593          	addi	a1,a1,-819 # cccccccd <_data_lma+0xcacc9699>
 20019e2:	4825                	li	a6,9
    if (v == 0) { uartext_putchar('0'); return; }
 20019e4:	c525                	beqz	a0,2001a4c <health_tick+0x3cc>
    while (v) { b[i++] = (char)('0' + (v % 10u)); v /= 10u; }
 20019e6:	0685                	addi	a3,a3,1
 20019e8:	00d88633          	add	a2,a7,a3
 20019ec:	02b53733          	mulhu	a4,a0,a1
 20019f0:	830d                	srli	a4,a4,0x3
 20019f2:	00271793          	slli	a5,a4,0x2
 20019f6:	97ba                	add	a5,a5,a4
 20019f8:	0786                	slli	a5,a5,0x1
 20019fa:	40f507b3          	sub	a5,a0,a5
 20019fe:	03078793          	addi	a5,a5,48 # 20000030 <_data_lma+0x1dffc9fc>
 2001a02:	fef60fa3          	sb	a5,-1(a2) # 1fffffff <_data_lma+0x1dffc9cb>
 2001a06:	87aa                	mv	a5,a0
 2001a08:	853a                	mv	a0,a4
 2001a0a:	fcf86ee3          	bltu	a6,a5,20019e6 <health_tick+0x366>
    while (i) uartext_putchar(b[--i]);
 2001a0e:	c28d                	beqz	a3,2001a30 <health_tick+0x3b0>
 2001a10:	004c                	addi	a1,sp,4
 2001a12:	96ae                	add	a3,a3,a1
    while (UARTEXT_STATUS & 0x1u) {}   /* attende tx_busy=0 (letture bus ora funzionano) */
 2001a14:	20000737          	lui	a4,0x20000
 2001a18:	0751                	addi	a4,a4,20 # 20000014 <_data_lma+0x1dffc9e0>
    UARTEXT_DATA = (uint8_t)c;
 2001a1a:	20000537          	lui	a0,0x20000
 2001a1e:	fff6c603          	lbu	a2,-1(a3)
    while (UARTEXT_STATUS & 0x1u) {}   /* attende tx_busy=0 (letture bus ora funzionano) */
 2001a22:	431c                	lw	a5,0(a4)
 2001a24:	8b85                	andi	a5,a5,1
 2001a26:	fff5                	bnez	a5,2001a22 <health_tick+0x3a2>
    UARTEXT_DATA = (uint8_t)c;
 2001a28:	c110                	sw	a2,0(a0)
 2001a2a:	16fd                	addi	a3,a3,-1
 2001a2c:	fed599e3          	bne	a1,a3,2001a1e <health_tick+0x39e>
    while (UARTEXT_STATUS & 0x1u) {}   /* attende tx_busy=0 (letture bus ora funzionano) */
 2001a30:	20000737          	lui	a4,0x20000
 2001a34:	0751                	addi	a4,a4,20 # 20000014 <_data_lma+0x1dffc9e0>
 2001a36:	431c                	lw	a5,0(a4)
 2001a38:	8b85                	andi	a5,a5,1
 2001a3a:	fff5                	bnez	a5,2001a36 <health_tick+0x3b6>
    UARTEXT_DATA = (uint8_t)c;
 2001a3c:	200007b7          	lui	a5,0x20000
 2001a40:	4729                	li	a4,10
 2001a42:	c398                	sw	a4,0(a5)
 2001a44:	5422                	lw	s0,40(sp)
 2001a46:	5902                	lw	s2,32(sp)
 2001a48:	49f2                	lw	s3,28(sp)
 2001a4a:	b1ad                	j	20016b4 <health_tick+0x34>
    while (UARTEXT_STATUS & 0x1u) {}   /* attende tx_busy=0 (letture bus ora funzionano) */
 2001a4c:	20000737          	lui	a4,0x20000
 2001a50:	0751                	addi	a4,a4,20 # 20000014 <_data_lma+0x1dffc9e0>
 2001a52:	431c                	lw	a5,0(a4)
 2001a54:	8b85                	andi	a5,a5,1
 2001a56:	fff5                	bnez	a5,2001a52 <health_tick+0x3d2>
    UARTEXT_DATA = (uint8_t)c;
 2001a58:	200007b7          	lui	a5,0x20000
 2001a5c:	03000713          	li	a4,48
 2001a60:	c398                	sw	a4,0(a5)
    if (v == 0) { uartext_putchar('0'); return; }
 2001a62:	b7f9                	j	2001a30 <health_tick+0x3b0>

02001a64 <wait_idle>:
 2001a64:	c0002673          	rdcycle	a2
    ctrl_sh = (uint8_t)((dc ? 1 : 0) | (rst ? 2 : 0) | (cs ? 4 : 0));
    DISP_CTRL = ctrl_sh;
}
static void wait_idle(void) {
    uint32_t t0 = rdcycle32();
    while (DISP_STATUS & 1u) {
 2001a68:	58000737          	lui	a4,0x58000
 2001a6c:	0721                	addi	a4,a4,8 # 58000008 <_data_lma+0x55ffc9d4>
        if ((uint32_t)(rdcycle32() - t0) > ms_to_cycles(1)) break;
 2001a6e:	66a9                	lui	a3,0xa
 2001a70:	e3468693          	addi	a3,a3,-460 # 9e34 <g_cols-0xff61cc>
    while (DISP_STATUS & 1u) {
 2001a74:	431c                	lw	a5,0(a4)
 2001a76:	8b85                	andi	a5,a5,1
 2001a78:	c791                	beqz	a5,2001a84 <wait_idle+0x20>
 2001a7a:	c00027f3          	rdcycle	a5
        if ((uint32_t)(rdcycle32() - t0) > ms_to_cycles(1)) break;
 2001a7e:	8f91                	sub	a5,a5,a2
 2001a80:	fef6fae3          	bgeu	a3,a5,2001a74 <wait_idle+0x10>
    }
}
 2001a84:	8082                	ret

02001a86 <cmd8>:
static void wr8(uint8_t b) { wait_idle(); DISP_TXDATA = b; }
static void cmd8(uint8_t c) {
 2001a86:	1141                	addi	sp,sp,-16
 2001a88:	c606                	sw	ra,12(sp)
 2001a8a:	c422                	sw	s0,8(sp)
 2001a8c:	c226                	sw	s1,4(sp)
 2001a8e:	c04a                	sw	s2,0(sp)
 2001a90:	892a                	mv	s2,a0
    wait_idle(); DISP_CTRL = (uint8_t)(ctrl_sh & ~1u);   /* DC=0 comando */
 2001a92:	3fc9                	jal	2001a64 <wait_idle>
 2001a94:	010017b7          	lui	a5,0x1001
 2001a98:	1307c483          	lbu	s1,304(a5) # 1001130 <ctrl_sh>
 2001a9c:	0fe4f793          	andi	a5,s1,254
 2001aa0:	58000437          	lui	s0,0x58000
 2001aa4:	c05c                	sw	a5,4(s0)
static void wr8(uint8_t b) { wait_idle(); DISP_TXDATA = b; }
 2001aa6:	3f7d                	jal	2001a64 <wait_idle>
 2001aa8:	580007b7          	lui	a5,0x58000
 2001aac:	0127a023          	sw	s2,0(a5) # 58000000 <_data_lma+0x55ffc9cc>
    wr8(c);
    wait_idle(); DISP_CTRL = (uint8_t)(ctrl_sh | 1u);    /* DC=1 dato */
 2001ab0:	3f55                	jal	2001a64 <wait_idle>
 2001ab2:	0014e493          	ori	s1,s1,1
 2001ab6:	c044                	sw	s1,4(s0)
}
 2001ab8:	40b2                	lw	ra,12(sp)
 2001aba:	4422                	lw	s0,8(sp)
 2001abc:	4492                	lw	s1,4(sp)
 2001abe:	4902                	lw	s2,0(sp)
 2001ac0:	0141                	addi	sp,sp,16
 2001ac2:	8082                	ret

02001ac4 <job_push>:
} job_t;
#define JOBQ_N 48
static job_t   jq[JOBQ_N];
static unsigned jq_head = 0, jq_count = 0;

static void job_push(const job_t *j) {
 2001ac4:	1141                	addi	sp,sp,-16
 2001ac6:	c606                	sw	ra,12(sp)
 2001ac8:	c422                	sw	s0,8(sp)
    if (jq_count >= JOBQ_N) return;                  /* coda piena: si perde un elemento */
 2001aca:	010017b7          	lui	a5,0x1001
 2001ace:	1287a403          	lw	s0,296(a5) # 1001128 <jq_count>
 2001ad2:	02f00793          	li	a5,47
 2001ad6:	0487e463          	bltu	a5,s0,2001b1e <job_push+0x5a>
 2001ada:	85aa                	mv	a1,a0
    jq[(jq_head + jq_count) % JOBQ_N] = *j;
 2001adc:	010017b7          	lui	a5,0x1001
 2001ae0:	12c7a783          	lw	a5,300(a5) # 100112c <jq_head>
 2001ae4:	97a2                	add	a5,a5,s0
 2001ae6:	aaaab737          	lui	a4,0xaaaab
 2001aea:	aab70713          	addi	a4,a4,-1365 # aaaaaaab <_data_lma+0xa8aa7477>
 2001aee:	02e7b733          	mulhu	a4,a5,a4
 2001af2:	8315                	srli	a4,a4,0x5
 2001af4:	00171693          	slli	a3,a4,0x1
 2001af8:	9736                	add	a4,a4,a3
 2001afa:	0712                	slli	a4,a4,0x4
 2001afc:	8f99                	sub	a5,a5,a4
 2001afe:	02600713          	li	a4,38
 2001b02:	02e787b3          	mul	a5,a5,a4
 2001b06:	863a                	mv	a2,a4
 2001b08:	01001537          	lui	a0,0x1001
 2001b0c:	84050513          	addi	a0,a0,-1984 # 1000840 <jq>
 2001b10:	953e                	add	a0,a0,a5
 2001b12:	24d5                	jal	2001df6 <memcpy>
    jq_count++;
 2001b14:	0405                	addi	s0,s0,1 # 58000001 <_data_lma+0x55ffc9cd>
 2001b16:	010017b7          	lui	a5,0x1001
 2001b1a:	1287a423          	sw	s0,296(a5) # 1001128 <jq_count>
}
 2001b1e:	40b2                	lw	ra,12(sp)
 2001b20:	4422                	lw	s0,8(sp)
 2001b22:	0141                	addi	sp,sp,16
 2001b24:	8082                	ret

02001b26 <job_fill>:
static void job_fill(uint16_t x, uint16_t y, uint16_t w, uint16_t h, uint16_t c) {
 2001b26:	7139                	addi	sp,sp,-64
 2001b28:	de06                	sw	ra,60(sp)
    job_t j; j.kind = 0; j.x = x; j.y = y; j.w = w; j.h = h; j.fg = c; j.bg = c;
 2001b2a:	00010423          	sb	zero,8(sp)
 2001b2e:	00a11523          	sh	a0,10(sp)
 2001b32:	00b11623          	sh	a1,12(sp)
 2001b36:	00c11723          	sh	a2,14(sp)
 2001b3a:	00d11823          	sh	a3,16(sp)
 2001b3e:	00e11923          	sh	a4,18(sp)
 2001b42:	00e11a23          	sh	a4,20(sp)
    j.aux = 0; j.txt[0] = 0;
 2001b46:	00011b23          	sh	zero,22(sp)
 2001b4a:	00010c23          	sb	zero,24(sp)
    job_push(&j);
 2001b4e:	0028                	addi	a0,sp,8
 2001b50:	3f95                	jal	2001ac4 <job_push>
}
 2001b52:	50f2                	lw	ra,60(sp)
 2001b54:	6121                	addi	sp,sp,64
 2001b56:	8082                	ret

02001b58 <job_text>:
static void job_text(uint16_t x, uint16_t y, uint8_t scale, uint16_t fg, uint16_t bg, const char *s) {
 2001b58:	7139                	addi	sp,sp,-64
 2001b5a:	de06                	sw	ra,60(sp)
    job_t j; unsigned i = 0;
    j.kind = 1; j.x = x; j.y = y; j.w = scale; j.h = 0; j.fg = fg; j.bg = bg; j.aux = 0;
 2001b5c:	4805                	li	a6,1
 2001b5e:	01010423          	sb	a6,8(sp)
 2001b62:	00a11523          	sh	a0,10(sp)
 2001b66:	00b11623          	sh	a1,12(sp)
 2001b6a:	00c11723          	sh	a2,14(sp)
 2001b6e:	00011823          	sh	zero,16(sp)
 2001b72:	00d11923          	sh	a3,18(sp)
 2001b76:	00e11a23          	sh	a4,20(sp)
 2001b7a:	00011b23          	sh	zero,22(sp)
    for (; s[i] && i < sizeof(j.txt) - 1; i++) j.txt[i] = s[i];
 2001b7e:	0007c683          	lbu	a3,0(a5)
 2001b82:	ca8d                	beqz	a3,2001bb4 <job_text+0x5c>
    job_t j; unsigned i = 0;
 2001b84:	4701                	li	a4,0
    for (; s[i] && i < sizeof(j.txt) - 1; i++) j.txt[i] = s[i];
 2001b86:	002c                	addi	a1,sp,8
 2001b88:	4555                	li	a0,21
 2001b8a:	00e58633          	add	a2,a1,a4
 2001b8e:	00d60823          	sb	a3,16(a2)
 2001b92:	0705                	addi	a4,a4,1
 2001b94:	00e786b3          	add	a3,a5,a4
 2001b98:	0006c683          	lbu	a3,0(a3)
 2001b9c:	c299                	beqz	a3,2001ba2 <job_text+0x4a>
 2001b9e:	fea716e3          	bne	a4,a0,2001b8a <job_text+0x32>
    j.txt[i] = 0;
 2001ba2:	181c                	addi	a5,sp,48
 2001ba4:	973e                	add	a4,a4,a5
 2001ba6:	fe070423          	sb	zero,-24(a4)
    job_push(&j);
 2001baa:	0028                	addi	a0,sp,8
 2001bac:	3f21                	jal	2001ac4 <job_push>
}
 2001bae:	50f2                	lw	ra,60(sp)
 2001bb0:	6121                	addi	sp,sp,64
 2001bb2:	8082                	ret
    job_t j; unsigned i = 0;
 2001bb4:	4701                	li	a4,0
 2001bb6:	b7f5                	j	2001ba2 <job_text+0x4a>

02001bb8 <sapp>:
        if (ex.txt[ex_ci] == 0) ex_active = 0;
    }
}

/* =================== helper stringhe =================== */
static char *sapp(char *p, const char *s) { while (*s) *p++ = *s++; *p = 0; return p; }
 2001bb8:	0005c783          	lbu	a5,0(a1)
 2001bbc:	cb81                	beqz	a5,2001bcc <sapp+0x14>
 2001bbe:	0585                	addi	a1,a1,1
 2001bc0:	0505                	addi	a0,a0,1
 2001bc2:	fef50fa3          	sb	a5,-1(a0)
 2001bc6:	0005c783          	lbu	a5,0(a1)
 2001bca:	fbf5                	bnez	a5,2001bbe <sapp+0x6>
 2001bcc:	00050023          	sb	zero,0(a0)
 2001bd0:	8082                	ret

02001bd2 <sappu>:
static char *sappu(char *p, uint32_t v) {
 2001bd2:	1141                	addi	sp,sp,-16
 2001bd4:	8eaa                	mv	t4,a0
    char b[10]; int i = 0;
 2001bd6:	4701                	li	a4,0
    if (v == 0) { *p++ = '0'; *p = 0; return p; }
    while (v) { b[i++] = (char)('0' + (v % 10u)); v /= 10u; }
 2001bd8:	00410e13          	addi	t3,sp,4
 2001bdc:	ccccd8b7          	lui	a7,0xccccd
 2001be0:	ccd88893          	addi	a7,a7,-819 # cccccccd <_data_lma+0xcacc9699>
 2001be4:	4325                	li	t1,9
    if (v == 0) { *p++ = '0'; *p = 0; return p; }
 2001be6:	c9a1                	beqz	a1,2001c36 <sappu+0x64>
    while (v) { b[i++] = (char)('0' + (v % 10u)); v /= 10u; }
 2001be8:	0705                	addi	a4,a4,1
 2001bea:	883a                	mv	a6,a4
 2001bec:	00ee0633          	add	a2,t3,a4
 2001bf0:	0315b6b3          	mulhu	a3,a1,a7
 2001bf4:	828d                	srli	a3,a3,0x3
 2001bf6:	00269793          	slli	a5,a3,0x2
 2001bfa:	97b6                	add	a5,a5,a3
 2001bfc:	0786                	slli	a5,a5,0x1
 2001bfe:	40f587b3          	sub	a5,a1,a5
 2001c02:	03078793          	addi	a5,a5,48
 2001c06:	fef60fa3          	sb	a5,-1(a2)
 2001c0a:	87ae                	mv	a5,a1
 2001c0c:	85b6                	mv	a1,a3
 2001c0e:	fcf36de3          	bltu	t1,a5,2001be8 <sappu+0x16>
    while (i) *p++ = b[--i];
 2001c12:	cb15                	beqz	a4,2001c46 <sappu+0x74>
 2001c14:	0050                	addi	a2,sp,4
 2001c16:	9732                	add	a4,a4,a2
 2001c18:	87f6                	mv	a5,t4
 2001c1a:	fff74683          	lbu	a3,-1(a4)
 2001c1e:	00d78023          	sb	a3,0(a5)
 2001c22:	0785                	addi	a5,a5,1
 2001c24:	177d                	addi	a4,a4,-1
 2001c26:	fec71ae3          	bne	a4,a2,2001c1a <sappu+0x48>
 2001c2a:	010e8533          	add	a0,t4,a6
    *p = 0; return p;
 2001c2e:	00050023          	sb	zero,0(a0)
}
 2001c32:	0141                	addi	sp,sp,16
 2001c34:	8082                	ret
    if (v == 0) { *p++ = '0'; *p = 0; return p; }
 2001c36:	0505                	addi	a0,a0,1
 2001c38:	03000793          	li	a5,48
 2001c3c:	00fe8023          	sb	a5,0(t4)
 2001c40:	000e80a3          	sb	zero,1(t4)
 2001c44:	b7fd                	j	2001c32 <sappu+0x60>
    while (i) *p++ = b[--i];
 2001c46:	8576                	mv	a0,t4
 2001c48:	b7dd                	j	2001c2e <sappu+0x5c>

02001c4a <sappuk>:
    return b == 22 || b == 26 || b == 32 || b == 38 || b == 39 || b == 49 || b == 50;
}
static int near_bin(int b, int t) { return b >= t - 1 && b <= t + 1; }

/* numero compatto per le cifre grandi nelle zone strette (>99999 -> migliaia+K) */
static char *sappuk(char *p, uint32_t v) {
 2001c4a:	1141                	addi	sp,sp,-16
 2001c4c:	c606                	sw	ra,12(sp)
    if (v > 99999u) { p = sappu(p, v / 1000u); return sapp(p, "K"); }
 2001c4e:	67e1                	lui	a5,0x18
 2001c50:	69f78793          	addi	a5,a5,1695 # 1869f <g_cols-0xfe7961>
 2001c54:	00b7e663          	bltu	a5,a1,2001c60 <sappuk+0x16>
    return sappu(p, v);
 2001c58:	3fad                	jal	2001bd2 <sappu>
}
 2001c5a:	40b2                	lw	ra,12(sp)
 2001c5c:	0141                	addi	sp,sp,16
 2001c5e:	8082                	ret
    if (v > 99999u) { p = sappu(p, v / 1000u); return sapp(p, "K"); }
 2001c60:	106257b7          	lui	a5,0x10625
 2001c64:	dd378793          	addi	a5,a5,-557 # 10624dd3 <_data_lma+0xe62179f>
 2001c68:	02f5b5b3          	mulhu	a1,a1,a5
 2001c6c:	8199                	srli	a1,a1,0x6
 2001c6e:	3795                	jal	2001bd2 <sappu>
 2001c70:	020035b7          	lui	a1,0x2003
 2001c74:	2fc58593          	addi	a1,a1,764 # 20032fc <display_tick+0x13c0>
 2001c78:	3781                	jal	2001bb8 <sapp>
 2001c7a:	b7c5                	j	2001c5a <sappuk+0x10>

02001c7c <padto>:

/* pad (e tronca) a larghezza fissa: i refresh SOVRASCRIVONO il vecchio testo
 * senza clear della zona -> niente flicker al ritmo di 150 ms */
static void padto(char *buf, unsigned n) {
    unsigned l = 0;
    while (buf[l] && l < n) l++;
 2001c7c:	00054703          	lbu	a4,0(a0)
    unsigned l = 0;
 2001c80:	4781                	li	a5,0
    while (buf[l] && l < n) l++;
 2001c82:	cb09                	beqz	a4,2001c94 <padto+0x18>
 2001c84:	02f58463          	beq	a1,a5,2001cac <padto+0x30>
 2001c88:	0785                	addi	a5,a5,1
 2001c8a:	00f50733          	add	a4,a0,a5
 2001c8e:	00074703          	lbu	a4,0(a4)
 2001c92:	fb6d                	bnez	a4,2001c84 <padto+0x8>
    while (l < n) buf[l++] = ' ';
 2001c94:	02b7f063          	bgeu	a5,a1,2001cb4 <padto+0x38>
 2001c98:	97aa                	add	a5,a5,a0
 2001c9a:	00a586b3          	add	a3,a1,a0
 2001c9e:	02000713          	li	a4,32
 2001ca2:	00e78023          	sb	a4,0(a5)
 2001ca6:	0785                	addi	a5,a5,1
 2001ca8:	fed79de3          	bne	a5,a3,2001ca2 <padto+0x26>
    buf[l] = 0;
 2001cac:	952e                	add	a0,a0,a1
 2001cae:	00050023          	sb	zero,0(a0)
}
 2001cb2:	8082                	ret
    while (l < n) buf[l++] = ' ';
 2001cb4:	85be                	mv	a1,a5
 2001cb6:	bfdd                	j	2001cac <padto+0x30>

02001cb8 <rgb565>:
static uint8_t  statics_dirty = 0, content_dirty = 0;
static unsigned rot = 0;
static uint32_t last_rot = 0;

static uint16_t rgb565(const uint8_t *rgb) {
    return (uint16_t)(((rgb[0] & 0xF8u) << 8) | ((rgb[1] & 0xFCu) << 3) | (rgb[2] >> 3));
 2001cb8:	00054783          	lbu	a5,0(a0)
 2001cbc:	07a2                	slli	a5,a5,0x8
 2001cbe:	8007f793          	andi	a5,a5,-2048
 2001cc2:	00154703          	lbu	a4,1(a0)
 2001cc6:	070e                	slli	a4,a4,0x3
 2001cc8:	7e077713          	andi	a4,a4,2016
 2001ccc:	8fd9                	or	a5,a5,a4
 2001cce:	00254703          	lbu	a4,2(a0)
 2001cd2:	830d                	srli	a4,a4,0x3
 2001cd4:	00e7e533          	or	a0,a5,a4
}
 2001cd8:	0542                	slli	a0,a0,0x10
 2001cda:	8141                	srli	a0,a0,0x10
 2001cdc:	8082                	ret

02001cde <zone_content>:
static int zone_content(int z) {
 2001cde:	1141                	addi	sp,sp,-16
 2001ce0:	c606                	sw	ra,12(sp)
 2001ce2:	c422                	sw	s0,8(sp)
 2001ce4:	842a                	mv	s0,a0
    uint8_t v = nor_views();
 2001ce6:	a6cff0ef          	jal	2000f52 <nor_views>
 2001cea:	87aa                	mv	a5,a0
    switch (z) {
 2001cec:	4705                	li	a4,1
 2001cee:	02e40063          	beq	s0,a4,2001d0e <zone_content+0x30>
 2001cf2:	4709                	li	a4,2
 2001cf4:	02e40a63          	beq	s0,a4,2001d28 <zone_content+0x4a>
 2001cf8:	e039                	bnez	s0,2001d3e <zone_content+0x60>
        case 0: return (v & 0x04) ? CON_SLAVES : (v & 0x40) ? CON_TX    : CON_NONE;
 2001cfa:	00457713          	andi	a4,a0,4
 2001cfe:	4505                	li	a0,1
 2001d00:	eb1d                	bnez	a4,2001d36 <zone_content+0x58>
 2001d02:	0407f793          	andi	a5,a5,64
 2001d06:	8522                	mv	a0,s0
 2001d08:	c79d                	beqz	a5,2001d36 <zone_content+0x58>
 2001d0a:	4519                	li	a0,6
 2001d0c:	a02d                	j	2001d36 <zone_content+0x58>
        case 1: return (v & 0x01) ? CON_WAVE   : (v & 0x10) ? CON_PEAKS : CON_NONE;
 2001d0e:	00157713          	andi	a4,a0,1
 2001d12:	450d                	li	a0,3
 2001d14:	e30d                	bnez	a4,2001d36 <zone_content+0x58>
 2001d16:	0107f513          	andi	a0,a5,16
 2001d1a:	00153513          	seqz	a0,a0
 2001d1e:	40a00533          	neg	a0,a0
 2001d22:	9965                	andi	a0,a0,-7
 2001d24:	051d                	addi	a0,a0,7
 2001d26:	a801                	j	2001d36 <zone_content+0x58>
        case 2: return (v & 0x02) ? CON_LOGS   : CON_NONE;
 2001d28:	8909                	andi	a0,a0,2
 2001d2a:	00153513          	seqz	a0,a0
 2001d2e:	40a00533          	neg	a0,a0
 2001d32:	996d                	andi	a0,a0,-5
 2001d34:	0515                	addi	a0,a0,5
}
 2001d36:	40b2                	lw	ra,12(sp)
 2001d38:	4422                	lw	s0,8(sp)
 2001d3a:	0141                	addi	sp,sp,16
 2001d3c:	8082                	ret
        default: return (v & 0x20) ? CON_RX    : (v & 0x08) ? CON_IRQ   : CON_NONE;
 2001d3e:	02057713          	andi	a4,a0,32
 2001d42:	4509                	li	a0,2
 2001d44:	fb6d                	bnez	a4,2001d36 <zone_content+0x58>
 2001d46:	8785                	srai	a5,a5,0x1
 2001d48:	0047f513          	andi	a0,a5,4
 2001d4c:	b7ed                	j	2001d36 <zone_content+0x58>

02001d4e <px>:
static void px(uint16_t c) { wr8((uint8_t)(c >> 8)); wr8((uint8_t)c); }
 2001d4e:	1141                	addi	sp,sp,-16
 2001d50:	c606                	sw	ra,12(sp)
 2001d52:	c422                	sw	s0,8(sp)
 2001d54:	c226                	sw	s1,4(sp)
 2001d56:	842a                	mv	s0,a0
static void wr8(uint8_t b) { wait_idle(); DISP_TXDATA = b; }
 2001d58:	3331                	jal	2001a64 <wait_idle>
 2001d5a:	00845793          	srli	a5,s0,0x8
 2001d5e:	580004b7          	lui	s1,0x58000
 2001d62:	c09c                	sw	a5,0(s1)
 2001d64:	3301                	jal	2001a64 <wait_idle>
 2001d66:	0ff47413          	zext.b	s0,s0
 2001d6a:	c080                	sw	s0,0(s1)
static void px(uint16_t c) { wr8((uint8_t)(c >> 8)); wr8((uint8_t)c); }
 2001d6c:	40b2                	lw	ra,12(sp)
 2001d6e:	4422                	lw	s0,8(sp)
 2001d70:	4492                	lw	s1,4(sp)
 2001d72:	0141                	addi	sp,sp,16
 2001d74:	8082                	ret

02001d76 <dat16>:
static void dat16(uint16_t v) { wr8((uint8_t)(v >> 8)); wr8((uint8_t)v); }
 2001d76:	1141                	addi	sp,sp,-16
 2001d78:	c606                	sw	ra,12(sp)
 2001d7a:	c422                	sw	s0,8(sp)
 2001d7c:	c226                	sw	s1,4(sp)
 2001d7e:	842a                	mv	s0,a0
static void wr8(uint8_t b) { wait_idle(); DISP_TXDATA = b; }
 2001d80:	31d5                	jal	2001a64 <wait_idle>
 2001d82:	00845793          	srli	a5,s0,0x8
 2001d86:	580004b7          	lui	s1,0x58000
 2001d8a:	c09c                	sw	a5,0(s1)
 2001d8c:	39e1                	jal	2001a64 <wait_idle>
 2001d8e:	0ff47413          	zext.b	s0,s0
 2001d92:	c080                	sw	s0,0(s1)
static void dat16(uint16_t v) { wr8((uint8_t)(v >> 8)); wr8((uint8_t)v); }
 2001d94:	40b2                	lw	ra,12(sp)
 2001d96:	4422                	lw	s0,8(sp)
 2001d98:	4492                	lw	s1,4(sp)
 2001d9a:	0141                	addi	sp,sp,16
 2001d9c:	8082                	ret

02001d9e <window>:
static void window(uint16_t x, uint16_t y, uint16_t w, uint16_t h) {
 2001d9e:	1101                	addi	sp,sp,-32
 2001da0:	ce06                	sw	ra,28(sp)
 2001da2:	cc22                	sw	s0,24(sp)
 2001da4:	ca26                	sw	s1,20(sp)
 2001da6:	c84a                	sw	s2,16(sp)
 2001da8:	c64e                	sw	s3,12(sp)
 2001daa:	84aa                	mv	s1,a0
 2001dac:	842e                	mv	s0,a1
 2001dae:	8932                	mv	s2,a2
 2001db0:	89b6                	mv	s3,a3
    cmd8(0x2A); dat16(x); dat16((uint16_t)(x + w - 1));
 2001db2:	02a00513          	li	a0,42
 2001db6:	39c1                	jal	2001a86 <cmd8>
 2001db8:	8526                	mv	a0,s1
 2001dba:	3f75                	jal	2001d76 <dat16>
 2001dbc:	fff90613          	addi	a2,s2,-1
 2001dc0:	00c48533          	add	a0,s1,a2
 2001dc4:	0542                	slli	a0,a0,0x10
 2001dc6:	8141                	srli	a0,a0,0x10
 2001dc8:	377d                	jal	2001d76 <dat16>
    cmd8(0x2B); dat16(y); dat16((uint16_t)(y + h - 1));
 2001dca:	02b00513          	li	a0,43
 2001dce:	3965                	jal	2001a86 <cmd8>
 2001dd0:	8522                	mv	a0,s0
 2001dd2:	3755                	jal	2001d76 <dat16>
 2001dd4:	fff98693          	addi	a3,s3,-1
 2001dd8:	00d40533          	add	a0,s0,a3
 2001ddc:	0542                	slli	a0,a0,0x10
 2001dde:	8141                	srli	a0,a0,0x10
 2001de0:	3f59                	jal	2001d76 <dat16>
    cmd8(0x2C);
 2001de2:	02c00513          	li	a0,44
 2001de6:	3145                	jal	2001a86 <cmd8>
}
 2001de8:	40f2                	lw	ra,28(sp)
 2001dea:	4462                	lw	s0,24(sp)
 2001dec:	44d2                	lw	s1,20(sp)
 2001dee:	4942                	lw	s2,16(sp)
 2001df0:	49b2                	lw	s3,12(sp)
 2001df2:	6105                	addi	sp,sp,32
 2001df4:	8082                	ret

02001df6 <memcpy>:
    while (n--) *d++ = *s++;
 2001df6:	ca19                	beqz	a2,2001e0c <memcpy+0x16>
 2001df8:	962a                	add	a2,a2,a0
    unsigned char *d = (unsigned char *)dst;
 2001dfa:	87aa                	mv	a5,a0
    while (n--) *d++ = *s++;
 2001dfc:	0585                	addi	a1,a1,1
 2001dfe:	0785                	addi	a5,a5,1
 2001e00:	fff5c703          	lbu	a4,-1(a1)
 2001e04:	fee78fa3          	sb	a4,-1(a5)
 2001e08:	fef61ae3          	bne	a2,a5,2001dfc <memcpy+0x6>
}
 2001e0c:	8082                	ret

02001e0e <dm_note_rx>:
void dm_note_rx(char c) { rx_last = c; rx_cnt++; }
 2001e0e:	010007b7          	lui	a5,0x1000
 2001e12:	00a78e23          	sb	a0,28(a5) # 100001c <rx_last>
 2001e16:	01001737          	lui	a4,0x1001
 2001e1a:	14c72783          	lw	a5,332(a4) # 100114c <rx_cnt>
 2001e1e:	0785                	addi	a5,a5,1
 2001e20:	14f72623          	sw	a5,332(a4)
 2001e24:	8082                	ret

02001e26 <dm_log>:
void dm_log(const char *s) {
 2001e26:	1141                	addi	sp,sp,-16
    char *d = logring[log_head];
 2001e28:	010017b7          	lui	a5,0x1001
 2001e2c:	1487a883          	lw	a7,328(a5) # 1001148 <log_head>
 2001e30:	00289793          	slli	a5,a7,0x2
 2001e34:	97c6                	add	a5,a5,a7
 2001e36:	078a                	slli	a5,a5,0x2
 2001e38:	97c6                	add	a5,a5,a7
 2001e3a:	010015b7          	lui	a1,0x1001
 2001e3e:	f6058593          	addi	a1,a1,-160 # 1000f60 <logring>
 2001e42:	95be                	add	a1,a1,a5
    uint32_t v = up_s;
 2001e44:	010017b7          	lui	a5,0x1001
 2001e48:	13c7a603          	lw	a2,316(a5) # 100113c <up_s>
    if (v == 0) t[ti++] = '0';
 2001e4c:	c275                	beqz	a2,2001f30 <dm_log+0x10a>
 2001e4e:	4701                	li	a4,0
    while (v && ti < 6) { t[ti++] = (char)('0' + (v % 10u)); v /= 10u; }
 2001e50:	00410e13          	addi	t3,sp,4
 2001e54:	ccccd337          	lui	t1,0xccccd
 2001e58:	ccd30313          	addi	t1,t1,-819 # cccccccd <_data_lma+0xcacc9699>
 2001e5c:	0705                	addi	a4,a4,1
 2001e5e:	00ee0833          	add	a6,t3,a4
 2001e62:	026636b3          	mulhu	a3,a2,t1
 2001e66:	828d                	srli	a3,a3,0x3
 2001e68:	00269793          	slli	a5,a3,0x2
 2001e6c:	97b6                	add	a5,a5,a3
 2001e6e:	0786                	slli	a5,a5,0x1
 2001e70:	40f607b3          	sub	a5,a2,a5
 2001e74:	03078793          	addi	a5,a5,48
 2001e78:	fef80fa3          	sb	a5,-1(a6)
 2001e7c:	87b2                	mv	a5,a2
 2001e7e:	8636                	mv	a2,a3
 2001e80:	00a7b793          	sltiu	a5,a5,10
 2001e84:	0017b793          	seqz	a5,a5
 2001e88:	00672693          	slti	a3,a4,6
 2001e8c:	8ff5                	and	a5,a5,a3
 2001e8e:	f7f9                	bnez	a5,2001e5c <dm_log+0x36>
    while (ti) d[i++] = t[--ti];
 2001e90:	cf51                	beqz	a4,2001f2c <dm_log+0x106>
 2001e92:	863a                	mv	a2,a4
 2001e94:	00410813          	addi	a6,sp,4
 2001e98:	9742                	add	a4,a4,a6
 2001e9a:	87ae                	mv	a5,a1
 2001e9c:	fff74683          	lbu	a3,-1(a4)
 2001ea0:	00d78023          	sb	a3,0(a5)
 2001ea4:	177d                	addi	a4,a4,-1
 2001ea6:	0785                	addi	a5,a5,1
 2001ea8:	ff071ae3          	bne	a4,a6,2001e9c <dm_log+0x76>
    d[i++] = 'S'; d[i++] = ' ';
 2001eac:	00c58733          	add	a4,a1,a2
 2001eb0:	05300793          	li	a5,83
 2001eb4:	00f70023          	sb	a5,0(a4)
 2001eb8:	00260793          	addi	a5,a2,2
 2001ebc:	02000693          	li	a3,32
 2001ec0:	00d700a3          	sb	a3,1(a4)
    for (unsigned k = 0; s[k] && i < sizeof(logring[0]) - 1; k++) d[i++] = s[k];
 2001ec4:	00054703          	lbu	a4,0(a0)
 2001ec8:	484d                	li	a6,19
 2001eca:	cf11                	beqz	a4,2001ee6 <dm_log+0xc0>
 2001ecc:	00f86d63          	bltu	a6,a5,2001ee6 <dm_log+0xc0>
 2001ed0:	0785                	addi	a5,a5,1
 2001ed2:	00f586b3          	add	a3,a1,a5
 2001ed6:	fee68fa3          	sb	a4,-1(a3)
 2001eda:	40c78733          	sub	a4,a5,a2
 2001ede:	972a                	add	a4,a4,a0
 2001ee0:	ffe74703          	lbu	a4,-2(a4)
 2001ee4:	f765                	bnez	a4,2001ecc <dm_log+0xa6>
    d[i] = 0;
 2001ee6:	97ae                	add	a5,a5,a1
 2001ee8:	00078023          	sb	zero,0(a5)
    log_head = (log_head + 1) % LOG_N;
 2001eec:	0885                	addi	a7,a7,1
 2001eee:	aaaab7b7          	lui	a5,0xaaaab
 2001ef2:	aab78793          	addi	a5,a5,-1365 # aaaaaaab <_data_lma+0xa8aa7477>
 2001ef6:	02f8b7b3          	mulhu	a5,a7,a5
 2001efa:	8389                	srli	a5,a5,0x2
 2001efc:	00179713          	slli	a4,a5,0x1
 2001f00:	97ba                	add	a5,a5,a4
 2001f02:	0786                	slli	a5,a5,0x1
 2001f04:	40f888b3          	sub	a7,a7,a5
 2001f08:	010017b7          	lui	a5,0x1001
 2001f0c:	1517a423          	sw	a7,328(a5) # 1001148 <log_head>
    if (log_n < LOG_N) log_n++;
 2001f10:	010017b7          	lui	a5,0x1001
 2001f14:	1447a783          	lw	a5,324(a5) # 1001144 <log_n>
 2001f18:	4715                	li	a4,5
 2001f1a:	00f76763          	bltu	a4,a5,2001f28 <dm_log+0x102>
 2001f1e:	0785                	addi	a5,a5,1
 2001f20:	01001737          	lui	a4,0x1001
 2001f24:	14f72223          	sw	a5,324(a4) # 1001144 <log_n>
}
 2001f28:	0141                	addi	sp,sp,16
 2001f2a:	8082                	ret
    unsigned i = 0;
 2001f2c:	4601                	li	a2,0
 2001f2e:	bfbd                	j	2001eac <dm_log+0x86>
 2001f30:	03000793          	li	a5,48
 2001f34:	00f10223          	sb	a5,4(sp)
    if (v == 0) t[ti++] = '0';
 2001f38:	4705                	li	a4,1
 2001f3a:	bfa1                	j	2001e92 <dm_log+0x6c>

02001f3c <display_tick>:
        content_dirty |= (uint8_t)(1u << rot);
        rot = (rot + 1) & 3;
    }
}

void display_tick(void) {
 2001f3c:	7119                	addi	sp,sp,-128
 2001f3e:	de86                	sw	ra,124(sp)
 2001f40:	dca2                	sw	s0,120(sp)
 2001f42:	c0002473          	rdcycle	s0
    uint32_t now = rdcycle32();
    up_acc += (uint32_t)(now - up_last);
 2001f46:	010016b7          	lui	a3,0x1001
 2001f4a:	01001737          	lui	a4,0x1001
 2001f4e:	1346a783          	lw	a5,308(a3) # 1001134 <up_acc>
 2001f52:	13872603          	lw	a2,312(a4) # 1001138 <up_last>
 2001f56:	8f91                	sub	a5,a5,a2
 2001f58:	97a2                	add	a5,a5,s0
 2001f5a:	12f6aa23          	sw	a5,308(a3)
    up_last = now;
 2001f5e:	12872c23          	sw	s0,312(a4)
    while (up_acc >= CPU_HZ) { up_s++; up_acc -= CPU_HZ; }
 2001f62:	026a0737          	lui	a4,0x26a0
 2001f66:	b1f70713          	addi	a4,a4,-1249 # 269fb1f <_data_lma+0x69c4eb>
 2001f6a:	02f77c63          	bgeu	a4,a5,2001fa2 <display_tick+0x66>
 2001f6e:	01001737          	lui	a4,0x1001
 2001f72:	13c72703          	lw	a4,316(a4) # 100113c <up_s>
 2001f76:	0705                	addi	a4,a4,1
 2001f78:	fd960637          	lui	a2,0xfd960
 2001f7c:	4e060613          	addi	a2,a2,1248 # fd9604e0 <_data_lma+0xfb95ceac>
 2001f80:	026a06b7          	lui	a3,0x26a0
 2001f84:	b1f68693          	addi	a3,a3,-1249 # 269fb1f <_data_lma+0x69c4eb>
 2001f88:	97b2                	add	a5,a5,a2
 2001f8a:	85ba                	mv	a1,a4
 2001f8c:	0705                	addi	a4,a4,1
 2001f8e:	fef6ede3          	bltu	a3,a5,2001f88 <display_tick+0x4c>
 2001f92:	01001737          	lui	a4,0x1001
 2001f96:	12b72e23          	sw	a1,316(a4) # 100113c <up_s>
 2001f9a:	01001737          	lui	a4,0x1001
 2001f9e:	12f72a23          	sw	a5,308(a4) # 1001134 <up_acc>
    switch (phase) {
 2001fa2:	010017b7          	lui	a5,0x1001
 2001fa6:	1147c783          	lbu	a5,276(a5) # 1001114 <phase>
 2001faa:	4705                	li	a4,1
 2001fac:	02e78c63          	beq	a5,a4,2001fe4 <display_tick+0xa8>
 2001fb0:	4709                	li	a4,2
 2001fb2:	08e78063          	beq	a5,a4,2002032 <display_tick+0xf6>
 2001fb6:	14079763          	bnez	a5,2002104 <display_tick+0x1c8>
    ctrl_sh = (uint8_t)((dc ? 1 : 0) | (rst ? 2 : 0) | (cs ? 4 : 0));
 2001fba:	4791                	li	a5,4
 2001fbc:	01001737          	lui	a4,0x1001
 2001fc0:	12f70823          	sb	a5,304(a4) # 1001130 <ctrl_sh>
    DISP_CTRL = ctrl_sh;
 2001fc4:	58000737          	lui	a4,0x58000
 2001fc8:	c35c                	sw	a5,4(a4)
        case PH_RST0:                                /* RST basso, CS asserito */
            dsp_ctrl(0, 0, 1);
            ph_t = now;
 2001fca:	010017b7          	lui	a5,0x1001
 2001fce:	1087a823          	sw	s0,272(a5) # 1001110 <ph_t>
            phase = PH_RST1;
 2001fd2:	010017b7          	lui	a5,0x1001
 2001fd6:	4705                	li	a4,1
 2001fd8:	10e78a23          	sb	a4,276(a5) # 1001114 <phase>
            return;
        default:
            run_tick(now);
            return;
    }
}
 2001fdc:	50f6                	lw	ra,124(sp)
 2001fde:	5466                	lw	s0,120(sp)
 2001fe0:	6109                	addi	sp,sp,128
 2001fe2:	8082                	ret
            if ((uint32_t)(now - ph_t) < ms_to_cycles(20)) return;
 2001fe4:	010017b7          	lui	a5,0x1001
 2001fe8:	1107a703          	lw	a4,272(a5) # 1001110 <ph_t>
 2001fec:	40e40733          	sub	a4,s0,a4
 2001ff0:	000c67b7          	lui	a5,0xc6
 2001ff4:	c0f78793          	addi	a5,a5,-1009 # c5c0f <g_cols-0xf3a3f1>
 2001ff8:	fee7f2e3          	bgeu	a5,a4,2001fdc <display_tick+0xa0>
    ctrl_sh = (uint8_t)((dc ? 1 : 0) | (rst ? 2 : 0) | (cs ? 4 : 0));
 2001ffc:	4799                	li	a5,6
 2001ffe:	01001737          	lui	a4,0x1001
 2002002:	12f70823          	sb	a5,304(a4) # 1001130 <ctrl_sh>
    DISP_CTRL = ctrl_sh;
 2002006:	58000737          	lui	a4,0x58000
 200200a:	c35c                	sw	a5,4(a4)
            init_wait = now + ms_to_cycles(150);
 200200c:	005cb7b7          	lui	a5,0x5cb
 2002010:	27878793          	addi	a5,a5,632 # 5cb278 <g_cols-0xa34d88>
 2002014:	97a2                	add	a5,a5,s0
 2002016:	01001737          	lui	a4,0x1001
 200201a:	10f72423          	sw	a5,264(a4) # 1001108 <init_wait>
            init_ix = 0;
 200201e:	010017b7          	lui	a5,0x1001
 2002022:	1007a623          	sw	zero,268(a5) # 100110c <init_ix>
            phase = PH_INIT;
 2002026:	010017b7          	lui	a5,0x1001
 200202a:	4709                	li	a4,2
 200202c:	10e78a23          	sb	a4,276(a5) # 1001114 <phase>
            return;
 2002030:	b775                	j	2001fdc <display_tick+0xa0>
            if ((int32_t)(now - init_wait) < 0) return;
 2002032:	010017b7          	lui	a5,0x1001
 2002036:	1087a783          	lw	a5,264(a5) # 1001108 <init_wait>
 200203a:	40f407b3          	sub	a5,s0,a5
 200203e:	f807cfe3          	bltz	a5,2001fdc <display_tick+0xa0>
 2002042:	daa6                	sw	s1,116(sp)
            if (init_ix >= ISEQ_N) { phase = PH_RUN; return; }
 2002044:	010017b7          	lui	a5,0x1001
 2002048:	10c7a783          	lw	a5,268(a5) # 100110c <init_ix>
 200204c:	84be                	mv	s1,a5
 200204e:	4799                	li	a5,6
 2002050:	0097f963          	bgeu	a5,s1,2002062 <display_tick+0x126>
 2002054:	010017b7          	lui	a5,0x1001
 2002058:	470d                	li	a4,3
 200205a:	10e78a23          	sb	a4,276(a5) # 1001114 <phase>
 200205e:	54d6                	lw	s1,116(sp)
 2002060:	bfb5                	j	2001fdc <display_tick+0xa0>
 2002062:	d8ca                	sw	s2,112(sp)
            cmd8(iseq[init_ix].cmd);
 2002064:	00249713          	slli	a4,s1,0x2
 2002068:	9726                	add	a4,a4,s1
 200206a:	020037b7          	lui	a5,0x2003
 200206e:	4c878793          	addi	a5,a5,1224 # 20034c8 <iseq>
 2002072:	97ba                	add	a5,a5,a4
 2002074:	893e                	mv	s2,a5
 2002076:	0007c503          	lbu	a0,0(a5)
 200207a:	3431                	jal	2001a86 <cmd8>
            for (unsigned i = 0; i < iseq[init_ix].n; i++) wr8(iseq[init_ix].d[i]);
 200207c:	00194783          	lbu	a5,1(s2)
 2002080:	c7a1                	beqz	a5,20020c8 <display_tick+0x18c>
 2002082:	d6ce                	sw	s3,108(sp)
 2002084:	4901                	li	s2,0
 2002086:	020037b7          	lui	a5,0x2003
 200208a:	4c878793          	addi	a5,a5,1224 # 20034c8 <iseq>
 200208e:	89be                	mv	s3,a5
 2002090:	00249793          	slli	a5,s1,0x2
 2002094:	97a6                	add	a5,a5,s1
 2002096:	97ce                	add	a5,a5,s3
 2002098:	97ca                	add	a5,a5,s2
 200209a:	0027c783          	lbu	a5,2(a5)
 200209e:	84be                	mv	s1,a5
static void wr8(uint8_t b) { wait_idle(); DISP_TXDATA = b; }
 20020a0:	32d1                	jal	2001a64 <wait_idle>
 20020a2:	580007b7          	lui	a5,0x58000
 20020a6:	c384                	sw	s1,0(a5)
            for (unsigned i = 0; i < iseq[init_ix].n; i++) wr8(iseq[init_ix].d[i]);
 20020a8:	00190793          	addi	a5,s2,1
 20020ac:	893e                	mv	s2,a5
 20020ae:	010017b7          	lui	a5,0x1001
 20020b2:	10c7a783          	lw	a5,268(a5) # 100110c <init_ix>
 20020b6:	84be                	mv	s1,a5
 20020b8:	078a                	slli	a5,a5,0x2
 20020ba:	97a6                	add	a5,a5,s1
 20020bc:	97ce                	add	a5,a5,s3
 20020be:	0017c783          	lbu	a5,1(a5)
 20020c2:	fcf967e3          	bltu	s2,a5,2002090 <display_tick+0x154>
 20020c6:	59b6                	lw	s3,108(sp)
            wait_idle();
 20020c8:	3a71                	jal	2001a64 <wait_idle>
            init_wait = now + ms_to_cycles(iseq[init_ix].delay_ms);
 20020ca:	00249713          	slli	a4,s1,0x2
 20020ce:	9726                	add	a4,a4,s1
 20020d0:	020037b7          	lui	a5,0x2003
 20020d4:	4c878793          	addi	a5,a5,1224 # 20034c8 <iseq>
 20020d8:	97ba                	add	a5,a5,a4
 20020da:	0047c783          	lbu	a5,4(a5)
static inline uint32_t ms_to_cycles(uint32_t ms) { return ms * (CPU_HZ / 1000u); }
 20020de:	6729                	lui	a4,0xa
 20020e0:	e3470713          	addi	a4,a4,-460 # 9e34 <g_cols-0xff61cc>
 20020e4:	02e787b3          	mul	a5,a5,a4
 20020e8:	97a2                	add	a5,a5,s0
 20020ea:	01001737          	lui	a4,0x1001
 20020ee:	10f72423          	sw	a5,264(a4) # 1001108 <init_wait>
            init_ix++;
 20020f2:	00148793          	addi	a5,s1,1 # 58000001 <_data_lma+0x55ffc9cd>
 20020f6:	01001737          	lui	a4,0x1001
 20020fa:	10f72623          	sw	a5,268(a4) # 100110c <init_ix>
            return;
 20020fe:	54d6                	lw	s1,116(sp)
 2002100:	5946                	lw	s2,112(sp)
 2002102:	bde9                	j	2001fdc <display_tick+0xa0>
 2002104:	d0da                	sw	s6,96(sp)
    if (ex_active) { ex_chunk(); return; }
 2002106:	010017b7          	lui	a5,0x1001
 200210a:	1247a783          	lw	a5,292(a5) # 1001124 <ex_active>
 200210e:	8b3e                	mv	s6,a5
 2002110:	e7d5                	bnez	a5,20021bc <display_tick+0x280>
 2002112:	d8ca                	sw	s2,112(sp)
    if (jq_count)  { ex_start(); return; }
 2002114:	010017b7          	lui	a5,0x1001
 2002118:	1287a783          	lw	a5,296(a5) # 1001128 <jq_count>
 200211c:	893e                	mv	s2,a5
 200211e:	30079563          	bnez	a5,2002428 <display_tick+0x4ec>
    if (nor_settings_epoch() != seen_epoch) {        /* tema/zone cambiati -> redraw */
 2002122:	e3bfe0ef          	jal	2000f5c <nor_settings_epoch>
 2002126:	010007b7          	lui	a5,0x1000
 200212a:	0187a783          	lw	a5,24(a5) # 1000018 <seen_epoch>
 200212e:	3af51563          	bne	a0,a5,20024d8 <display_tick+0x59c>
 2002132:	d6ce                	sw	s3,108(sp)
        if (statics_dirty & (1u << z)) { statics_dirty &= (uint8_t)~(1u << z); emit_static(z); return; }
 2002134:	010017b7          	lui	a5,0x1001
 2002138:	1057c703          	lbu	a4,261(a5) # 1001105 <statics_dirty>
    for (int z = 0; z < 4; z++) {
 200213c:	89da                	mv	s3,s6
 200213e:	4691                	li	a3,4
        if (statics_dirty & (1u << z)) { statics_dirty &= (uint8_t)~(1u << z); emit_static(z); return; }
 2002140:	013757b3          	srl	a5,a4,s3
 2002144:	8b85                	andi	a5,a5,1
 2002146:	3e079d63          	bnez	a5,2002540 <display_tick+0x604>
    for (int z = 0; z < 4; z++) {
 200214a:	00198793          	addi	a5,s3,1
 200214e:	89be                	mv	s3,a5
 2002150:	fed798e3          	bne	a5,a3,2002140 <display_tick+0x204>
        if (content_dirty & (1u << z)) { content_dirty &= (uint8_t)~(1u << z); emit_content(z); return; }
 2002154:	010017b7          	lui	a5,0x1001
 2002158:	1047c703          	lbu	a4,260(a5) # 1001104 <content_dirty>
    for (int z = 0; z < 4; z++) {
 200215c:	855a                	mv	a0,s6
 200215e:	4691                	li	a3,4
        if (content_dirty & (1u << z)) { content_dirty &= (uint8_t)~(1u << z); emit_content(z); return; }
 2002160:	00a757b3          	srl	a5,a4,a0
 2002164:	8b85                	andi	a5,a5,1
 2002166:	4e079563          	bnez	a5,2002650 <display_tick+0x714>
    for (int z = 0; z < 4; z++) {
 200216a:	0505                	addi	a0,a0,1
 200216c:	fed51ae3          	bne	a0,a3,2002160 <display_tick+0x224>
    if ((uint32_t)(now - last_rot) >= ms_to_cycles(150)) {    /* refresh a rotazione:
 2002170:	010017b7          	lui	a5,0x1001
 2002174:	0fc7a683          	lw	a3,252(a5) # 10010fc <last_rot>
 2002178:	40d406b3          	sub	a3,s0,a3
 200217c:	005cb7b7          	lui	a5,0x5cb
 2002180:	27778793          	addi	a5,a5,631 # 5cb277 <g_cols-0xa34d89>
 2002184:	00d7e463          	bltu	a5,a3,200218c <display_tick+0x250>
 2002188:	7cf0006f          	j	2003156 <display_tick+0x121a>
        last_rot = now;
 200218c:	010017b7          	lui	a5,0x1001
 2002190:	0e87ae23          	sw	s0,252(a5) # 10010fc <last_rot>
        content_dirty |= (uint8_t)(1u << rot);
 2002194:	01001637          	lui	a2,0x1001
 2002198:	10062783          	lw	a5,256(a2) # 1001100 <rot>
 200219c:	4685                	li	a3,1
 200219e:	00f696b3          	sll	a3,a3,a5
 20021a2:	8f55                	or	a4,a4,a3
 20021a4:	010016b7          	lui	a3,0x1001
 20021a8:	10e68223          	sb	a4,260(a3) # 1001104 <content_dirty>
        rot = (rot + 1) & 3;
 20021ac:	0785                	addi	a5,a5,1
 20021ae:	8b8d                	andi	a5,a5,3
 20021b0:	10f62023          	sw	a5,256(a2)
 20021b4:	5946                	lw	s2,112(sp)
 20021b6:	59b6                	lw	s3,108(sp)
 20021b8:	5b06                	lw	s6,96(sp)
 20021ba:	b50d                	j	2001fdc <display_tick+0xa0>
    if (ex.kind == 0) {                              /* fill: max 64 px per tick */
 20021bc:	010017b7          	lui	a5,0x1001
 20021c0:	fe07c783          	lbu	a5,-32(a5) # 1000fe0 <ex>
 20021c4:	e3ad                	bnez	a5,2002226 <display_tick+0x2ea>
 20021c6:	d6ce                	sw	s3,108(sp)
        uint32_t n = (ex_rem > 64u) ? 64u : ex_rem;
 20021c8:	010017b7          	lui	a5,0x1001
 20021cc:	1207a783          	lw	a5,288(a5) # 1001120 <ex_rem>
 20021d0:	89be                	mv	s3,a5
        for (uint32_t i = 0; i < n; i++) px(ex.fg);
 20021d2:	c3b9                	beqz	a5,2002218 <display_tick+0x2dc>
 20021d4:	daa6                	sw	s1,116(sp)
 20021d6:	d8ca                	sw	s2,112(sp)
        uint32_t n = (ex_rem > 64u) ? 64u : ex_rem;
 20021d8:	84be                	mv	s1,a5
 20021da:	04000793          	li	a5,64
 20021de:	0137f363          	bgeu	a5,s3,20021e4 <display_tick+0x2a8>
 20021e2:	84be                	mv	s1,a5
        for (uint32_t i = 0; i < n; i++) px(ex.fg);
 20021e4:	4401                	li	s0,0
 20021e6:	010017b7          	lui	a5,0x1001
 20021ea:	84078793          	addi	a5,a5,-1984 # 1000840 <jq>
 20021ee:	893e                	mv	s2,a5
 20021f0:	7aa95503          	lhu	a0,1962(s2)
 20021f4:	3ea9                	jal	2001d4e <px>
 20021f6:	0405                	addi	s0,s0,1
 20021f8:	fe946ce3          	bltu	s0,s1,20021f0 <display_tick+0x2b4>
        ex_rem -= n;
 20021fc:	409987b3          	sub	a5,s3,s1
 2002200:	01001737          	lui	a4,0x1001
 2002204:	12f72023          	sw	a5,288(a4) # 1001120 <ex_rem>
        if (ex_rem == 0) ex_active = 0;
 2002208:	c791                	beqz	a5,2002214 <display_tick+0x2d8>
 200220a:	54d6                	lw	s1,116(sp)
 200220c:	5946                	lw	s2,112(sp)
 200220e:	59b6                	lw	s3,108(sp)
 2002210:	5b06                	lw	s6,96(sp)
 2002212:	b3e9                	j	2001fdc <display_tick+0xa0>
 2002214:	54d6                	lw	s1,116(sp)
 2002216:	5946                	lw	s2,112(sp)
 2002218:	010017b7          	lui	a5,0x1001
 200221c:	1207a223          	sw	zero,292(a5) # 1001124 <ex_active>
 2002220:	59b6                	lw	s3,108(sp)
 2002222:	5b06                	lw	s6,96(sp)
 2002224:	bb65                	j	2001fdc <display_tick+0xa0>
    } else if (ex.kind == 2) {                       /* vbar: bg sopra, fg in basso */
 2002226:	4709                	li	a4,2
 2002228:	02e78763          	beq	a5,a4,2002256 <display_tick+0x31a>
 200222c:	c8ea                	sw	s10,80(sp)
        char c = ex.txt[ex_ci];
 200222e:	010017b7          	lui	a5,0x1001
 2002232:	1187a783          	lw	a5,280(a5) # 1001118 <ex_ci>
 2002236:	8d3e                	mv	s10,a5
 2002238:	010017b7          	lui	a5,0x1001
 200223c:	84078793          	addi	a5,a5,-1984 # 1000840 <jq>
 2002240:	97ea                	add	a5,a5,s10
 2002242:	7b07c783          	lbu	a5,1968(a5)
        if (c == 0) { ex_active = 0; return; }
 2002246:	efd9                	bnez	a5,20022e4 <display_tick+0x3a8>
 2002248:	010017b7          	lui	a5,0x1001
 200224c:	1207a223          	sw	zero,292(a5) # 1001124 <ex_active>
 2002250:	5b06                	lw	s6,96(sp)
 2002252:	4d46                	lw	s10,80(sp)
 2002254:	b361                	j	2001fdc <display_tick+0xa0>
 2002256:	d8ca                	sw	s2,112(sp)
        uint32_t n = (ex_rem > 64u) ? 64u : ex_rem;
 2002258:	010017b7          	lui	a5,0x1001
 200225c:	1207a783          	lw	a5,288(a5) # 1001120 <ex_rem>
 2002260:	893e                	mv	s2,a5
        for (uint32_t i = 0; i < n; i++) {
 2002262:	cbb5                	beqz	a5,20022d6 <display_tick+0x39a>
 2002264:	daa6                	sw	s1,116(sp)
 2002266:	d6ce                	sw	s3,108(sp)
        uint32_t n = (ex_rem > 64u) ? 64u : ex_rem;
 2002268:	89be                	mv	s3,a5
 200226a:	04000793          	li	a5,64
 200226e:	0127f363          	bgeu	a5,s2,2002274 <display_tick+0x338>
 2002272:	89be                	mv	s3,a5
        for (uint32_t i = 0; i < n; i++) {
 2002274:	4481                	li	s1,0
            uint32_t row = (ex_tot - ex_rem + i) / ex.w;
 2002276:	01001437          	lui	s0,0x1001
 200227a:	84040413          	addi	s0,s0,-1984 # 1000840 <jq>
 200227e:	a809                	j	2002290 <display_tick+0x354>
            px((row >= (uint32_t)(ex.h - ex.aux)) ? ex.fg : ex.bg);
 2002280:	7ac45503          	lhu	a0,1964(s0)
 2002284:	34e9                	jal	2001d4e <px>
        for (uint32_t i = 0; i < n; i++) {
 2002286:	00148793          	addi	a5,s1,1
 200228a:	84be                	mv	s1,a5
 200228c:	0337f763          	bgeu	a5,s3,20022ba <display_tick+0x37e>
            uint32_t row = (ex_tot - ex_rem + i) / ex.w;
 2002290:	010017b7          	lui	a5,0x1001
 2002294:	11c7a783          	lw	a5,284(a5) # 100111c <ex_tot>
 2002298:	412787b3          	sub	a5,a5,s2
 200229c:	97a6                	add	a5,a5,s1
 200229e:	7a645703          	lhu	a4,1958(s0)
 20022a2:	02e7d7b3          	divu	a5,a5,a4
            px((row >= (uint32_t)(ex.h - ex.aux)) ? ex.fg : ex.bg);
 20022a6:	7a845703          	lhu	a4,1960(s0)
 20022aa:	7ae45683          	lhu	a3,1966(s0)
 20022ae:	8f15                	sub	a4,a4,a3
 20022b0:	fce7e8e3          	bltu	a5,a4,2002280 <display_tick+0x344>
 20022b4:	7aa45503          	lhu	a0,1962(s0)
 20022b8:	b7f1                	j	2002284 <display_tick+0x348>
        ex_rem -= n;
 20022ba:	413907b3          	sub	a5,s2,s3
 20022be:	01001737          	lui	a4,0x1001
 20022c2:	12f72023          	sw	a5,288(a4) # 1001120 <ex_rem>
        if (ex_rem == 0) ex_active = 0;
 20022c6:	c791                	beqz	a5,20022d2 <display_tick+0x396>
 20022c8:	54d6                	lw	s1,116(sp)
 20022ca:	5946                	lw	s2,112(sp)
 20022cc:	59b6                	lw	s3,108(sp)
 20022ce:	5b06                	lw	s6,96(sp)
 20022d0:	b331                	j	2001fdc <display_tick+0xa0>
 20022d2:	54d6                	lw	s1,116(sp)
 20022d4:	59b6                	lw	s3,108(sp)
 20022d6:	010017b7          	lui	a5,0x1001
 20022da:	1207a223          	sw	zero,292(a5) # 1001124 <ex_active>
 20022de:	5946                	lw	s2,112(sp)
 20022e0:	5b06                	lw	s6,96(sp)
 20022e2:	b9ed                	j	2001fdc <display_tick+0xa0>
 20022e4:	daa6                	sw	s1,116(sp)
 20022e6:	d8ca                	sw	s2,112(sp)
 20022e8:	d6ce                	sw	s3,108(sp)
 20022ea:	d4d2                	sw	s4,104(sp)
 20022ec:	d2d6                	sw	s5,100(sp)
 20022ee:	cede                	sw	s7,92(sp)
 20022f0:	cce2                	sw	s8,88(sp)
 20022f2:	cae6                	sw	s9,84(sp)
        unsigned s = ex.w ? ex.w : 1;
 20022f4:	01001737          	lui	a4,0x1001
 20022f8:	fe675683          	lhu	a3,-26(a4) # 1000fe6 <ex+0x6>
 20022fc:	8736                	mv	a4,a3
 20022fe:	e291                	bnez	a3,2002302 <display_tick+0x3c6>
 2002300:	4705                	li	a4,1
 2002302:	0742                	slli	a4,a4,0x10
 2002304:	8341                	srli	a4,a4,0x10
 2002306:	84ba                	mv	s1,a4
    if (c >= 'a' && c <= 'z') c = (char)(c - 32);
 2002308:	f9f78713          	addi	a4,a5,-97
 200230c:	0ff77713          	zext.b	a4,a4
 2002310:	46e5                	li	a3,25
 2002312:	06e6eb63          	bltu	a3,a4,2002388 <display_tick+0x44c>
 2002316:	1781                	addi	a5,a5,-32
 2002318:	0ff7f793          	zext.b	a5,a5
    return font5x7[c - 0x20];
 200231c:	1781                	addi	a5,a5,-32
 200231e:	00279713          	slli	a4,a5,0x2
 2002322:	97ba                	add	a5,a5,a4
 2002324:	8b3e                	mv	s6,a5
        window((uint16_t)(ex.x + ex_ci * 6 * s), ex.y, (uint16_t)(6 * s), (uint16_t)(8 * s));
 2002326:	00349693          	slli	a3,s1,0x3
 200232a:	06c2                	slli	a3,a3,0x10
 200232c:	82c1                	srli	a3,a3,0x10
 200232e:	00149613          	slli	a2,s1,0x1
 2002332:	9626                	add	a2,a2,s1
 2002334:	0606                	slli	a2,a2,0x1
 2002336:	0642                	slli	a2,a2,0x10
 2002338:	8241                	srli	a2,a2,0x10
 200233a:	01001737          	lui	a4,0x1001
 200233e:	84070713          	addi	a4,a4,-1984 # 1000840 <jq>
 2002342:	03a487b3          	mul	a5,s1,s10
 2002346:	00179593          	slli	a1,a5,0x1
 200234a:	00b78533          	add	a0,a5,a1
 200234e:	0506                	slli	a0,a0,0x1
 2002350:	7a275783          	lhu	a5,1954(a4)
 2002354:	953e                	add	a0,a0,a5
 2002356:	7a475583          	lhu	a1,1956(a4)
 200235a:	0542                	slli	a0,a0,0x10
 200235c:	8141                	srli	a0,a0,0x10
 200235e:	3481                	jal	2001d9e <window>
        for (unsigned row = 0; row < 8 * s; row++) {
 2002360:	00349793          	slli	a5,s1,0x3
 2002364:	8cbe                	mv	s9,a5
            for (unsigned col = 0; col < 6 * s; col++) {
 2002366:	00149793          	slli	a5,s1,0x1
 200236a:	97a6                	add	a5,a5,s1
 200236c:	0786                	slli	a5,a5,0x1
 200236e:	89be                	mv	s3,a5
        for (unsigned row = 0; row < 8 * s; row++) {
 2002370:	4c01                	li	s8,0
                px(on ? ex.fg : ex.bg);
 2002372:	010017b7          	lui	a5,0x1001
 2002376:	84078793          	addi	a5,a5,-1984 # 1000840 <jq>
 200237a:	8a3e                	mv	s4,a5
                int on = (fc < 5 && fr < 7) ? ((g[fc] >> fr) & 1) : 0;
 200237c:	020037b7          	lui	a5,0x2003
 2002380:	4c878793          	addi	a5,a5,1224 # 20034c8 <iseq>
 2002384:	8bbe                	mv	s7,a5
 2002386:	a881                	j	20023d6 <display_tick+0x49a>
    if (c < 0x20 || c > 0x5A) c = '?';
 2002388:	fe078713          	addi	a4,a5,-32
 200238c:	0ff77713          	zext.b	a4,a4
 2002390:	03a00693          	li	a3,58
 2002394:	f8e6f4e3          	bgeu	a3,a4,200231c <display_tick+0x3e0>
 2002398:	03f00793          	li	a5,63
 200239c:	b741                	j	200231c <display_tick+0x3e0>
                px(on ? ex.fg : ex.bg);
 200239e:	7aca5503          	lhu	a0,1964(s4)
 20023a2:	3275                	jal	2001d4e <px>
            for (unsigned col = 0; col < 6 * s; col++) {
 20023a4:	0405                	addi	s0,s0,1
 20023a6:	03347363          	bgeu	s0,s3,20023cc <display_tick+0x490>
                unsigned fc = col / s;
 20023aa:	029457b3          	divu	a5,s0,s1
                int on = (fc < 5 && fr < 7) ? ((g[fc] >> fr) & 1) : 0;
 20023ae:	0057b713          	sltiu	a4,a5,5
 20023b2:	00e97733          	and	a4,s2,a4
 20023b6:	d765                	beqz	a4,200239e <display_tick+0x462>
 20023b8:	97de                	add	a5,a5,s7
 20023ba:	97da                	add	a5,a5,s6
 20023bc:	0247c783          	lbu	a5,36(a5)
                px(on ? ex.fg : ex.bg);
 20023c0:	0157f7b3          	and	a5,a5,s5
 20023c4:	dfe9                	beqz	a5,200239e <display_tick+0x462>
 20023c6:	7aaa5503          	lhu	a0,1962(s4)
 20023ca:	bfe1                	j	20023a2 <display_tick+0x466>
        for (unsigned row = 0; row < 8 * s; row++) {
 20023cc:	001c0793          	addi	a5,s8,1
 20023d0:	8c3e                	mv	s8,a5
 20023d2:	0197fd63          	bgeu	a5,s9,20023ec <display_tick+0x4b0>
            unsigned fr = row / s;
 20023d6:	029c57b3          	divu	a5,s8,s1
                int on = (fc < 5 && fr < 7) ? ((g[fc] >> fr) & 1) : 0;
 20023da:	0077b713          	sltiu	a4,a5,7
 20023de:	893a                	mv	s2,a4
 20023e0:	4705                	li	a4,1
 20023e2:	00f717b3          	sll	a5,a4,a5
 20023e6:	8abe                	mv	s5,a5
            for (unsigned col = 0; col < 6 * s; col++) {
 20023e8:	4401                	li	s0,0
 20023ea:	b7c1                	j	20023aa <display_tick+0x46e>
        ex_ci++;
 20023ec:	001d0793          	addi	a5,s10,1
 20023f0:	01001737          	lui	a4,0x1001
 20023f4:	10f72c23          	sw	a5,280(a4) # 1001118 <ex_ci>
        if (ex.txt[ex_ci] == 0) ex_active = 0;
 20023f8:	01001737          	lui	a4,0x1001
 20023fc:	84070713          	addi	a4,a4,-1984 # 1000840 <jq>
 2002400:	97ba                	add	a5,a5,a4
 2002402:	7b07c783          	lbu	a5,1968(a5)
 2002406:	500793e3          	bnez	a5,200310c <display_tick+0x11d0>
 200240a:	010017b7          	lui	a5,0x1001
 200240e:	1207a223          	sw	zero,292(a5) # 1001124 <ex_active>
 2002412:	54d6                	lw	s1,116(sp)
 2002414:	5946                	lw	s2,112(sp)
 2002416:	59b6                	lw	s3,108(sp)
 2002418:	5a26                	lw	s4,104(sp)
 200241a:	5a96                	lw	s5,100(sp)
 200241c:	5b06                	lw	s6,96(sp)
 200241e:	4bf6                	lw	s7,92(sp)
 2002420:	4c66                	lw	s8,88(sp)
 2002422:	4cd6                	lw	s9,84(sp)
 2002424:	4d46                	lw	s10,80(sp)
 2002426:	be5d                	j	2001fdc <display_tick+0xa0>
 2002428:	daa6                	sw	s1,116(sp)
 200242a:	d6ce                	sw	s3,108(sp)
    ex = jq[jq_head];
 200242c:	010014b7          	lui	s1,0x1001
 2002430:	12c4a403          	lw	s0,300(s1) # 100112c <jq_head>
 2002434:	010017b7          	lui	a5,0x1001
 2002438:	84078793          	addi	a5,a5,-1984 # 1000840 <jq>
 200243c:	89be                	mv	s3,a5
 200243e:	02600593          	li	a1,38
 2002442:	02b405b3          	mul	a1,s0,a1
 2002446:	02600613          	li	a2,38
 200244a:	95be                	add	a1,a1,a5
 200244c:	7a078513          	addi	a0,a5,1952
 2002450:	325d                	jal	2001df6 <memcpy>
    jq_head = (jq_head + 1) % JOBQ_N;
 2002452:	0405                	addi	s0,s0,1
 2002454:	aaaab7b7          	lui	a5,0xaaaab
 2002458:	aab78793          	addi	a5,a5,-1365 # aaaaaaab <_data_lma+0xa8aa7477>
 200245c:	02f437b3          	mulhu	a5,s0,a5
 2002460:	8395                	srli	a5,a5,0x5
 2002462:	00179713          	slli	a4,a5,0x1
 2002466:	97ba                	add	a5,a5,a4
 2002468:	0792                	slli	a5,a5,0x4
 200246a:	8c1d                	sub	s0,s0,a5
 200246c:	1284a623          	sw	s0,300(s1)
    jq_count--;
 2002470:	fff90793          	addi	a5,s2,-1
 2002474:	01001737          	lui	a4,0x1001
 2002478:	12f72423          	sw	a5,296(a4) # 1001128 <jq_count>
    ex_active = 1;
 200247c:	010017b7          	lui	a5,0x1001
 2002480:	4705                	li	a4,1
 2002482:	12e7a223          	sw	a4,292(a5) # 1001124 <ex_active>
    if (ex.kind == 0 || ex.kind == 2) {
 2002486:	7a09c783          	lbu	a5,1952(s3)
 200248a:	0fd7f793          	andi	a5,a5,253
 200248e:	cb91                	beqz	a5,20024a2 <display_tick+0x566>
        ex_ci = 0;
 2002490:	010017b7          	lui	a5,0x1001
 2002494:	1007ac23          	sw	zero,280(a5) # 1001118 <ex_ci>
 2002498:	54d6                	lw	s1,116(sp)
 200249a:	5946                	lw	s2,112(sp)
 200249c:	59b6                	lw	s3,108(sp)
 200249e:	5b06                	lw	s6,96(sp)
 20024a0:	be35                	j	2001fdc <display_tick+0xa0>
        window(ex.x, ex.y, ex.w, ex.h);
 20024a2:	7a69d403          	lhu	s0,1958(s3)
 20024a6:	7a89d703          	lhu	a4,1960(s3)
 20024aa:	84ba                	mv	s1,a4
 20024ac:	86ba                	mv	a3,a4
 20024ae:	8622                	mv	a2,s0
 20024b0:	7a49d583          	lhu	a1,1956(s3)
 20024b4:	7a29d503          	lhu	a0,1954(s3)
 20024b8:	30dd                	jal	2001d9e <window>
        ex_tot = (uint32_t)ex.w * ex.h;
 20024ba:	02940433          	mul	s0,s0,s1
 20024be:	010017b7          	lui	a5,0x1001
 20024c2:	1087ae23          	sw	s0,284(a5) # 100111c <ex_tot>
        ex_rem = ex_tot;
 20024c6:	010017b7          	lui	a5,0x1001
 20024ca:	1287a023          	sw	s0,288(a5) # 1001120 <ex_rem>
 20024ce:	54d6                	lw	s1,116(sp)
 20024d0:	5946                	lw	s2,112(sp)
 20024d2:	59b6                	lw	s3,108(sp)
 20024d4:	5b06                	lw	s6,96(sp)
 20024d6:	b619                	j	2001fdc <display_tick+0xa0>
        seen_epoch = nor_settings_epoch();
 20024d8:	a85fe0ef          	jal	2000f5c <nor_settings_epoch>
 20024dc:	010007b7          	lui	a5,0x1000
 20024e0:	00a7ac23          	sw	a0,24(a5) # 1000018 <seen_epoch>
        const uint8_t *c = nor_colors();
 20024e4:	a65fe0ef          	jal	2000f48 <nor_colors>
 20024e8:	842a                	mv	s0,a0
        c_main = rgb565(c); c_text = rgb565(c + 3); c_bg = rgb565(c + 6);
 20024ea:	fceff0ef          	jal	2001cb8 <rgb565>
 20024ee:	010017b7          	lui	a5,0x1001
 20024f2:	14a79a23          	sh	a0,340(a5) # 1001154 <c_main>
 20024f6:	00340513          	addi	a0,s0,3
 20024fa:	fbeff0ef          	jal	2001cb8 <rgb565>
 20024fe:	010017b7          	lui	a5,0x1001
 2002502:	14a79923          	sh	a0,338(a5) # 1001152 <c_text>
 2002506:	00640513          	addi	a0,s0,6
 200250a:	faeff0ef          	jal	2001cb8 <rgb565>
 200250e:	872a                	mv	a4,a0
 2002510:	010017b7          	lui	a5,0x1001
 2002514:	14a79823          	sh	a0,336(a5) # 1001150 <c_bg>
        job_fill(0, 0, SCR_W, SCR_H, c_bg);
 2002518:	0f000693          	li	a3,240
 200251c:	14000613          	li	a2,320
 2002520:	4581                	li	a1,0
 2002522:	4501                	li	a0,0
 2002524:	e02ff0ef          	jal	2001b26 <job_fill>
        statics_dirty = 0x0F; content_dirty = 0x0F;
 2002528:	47bd                	li	a5,15
 200252a:	01001737          	lui	a4,0x1001
 200252e:	10f702a3          	sb	a5,261(a4) # 1001105 <statics_dirty>
 2002532:	01001737          	lui	a4,0x1001
 2002536:	10f70223          	sb	a5,260(a4) # 1001104 <content_dirty>
        return;
 200253a:	5946                	lw	s2,112(sp)
 200253c:	5b06                	lw	s6,96(sp)
 200253e:	bc79                	j	2001fdc <display_tick+0xa0>
 2002540:	daa6                	sw	s1,116(sp)
 2002542:	d4d2                	sw	s4,104(sp)
 2002544:	d2d6                	sw	s5,100(sp)
        if (statics_dirty & (1u << z)) { statics_dirty &= (uint8_t)~(1u << z); emit_static(z); return; }
 2002546:	4785                	li	a5,1
 2002548:	013797b3          	sll	a5,a5,s3
 200254c:	fff7c793          	not	a5,a5
 2002550:	8f7d                	and	a4,a4,a5
 2002552:	010017b7          	lui	a5,0x1001
 2002556:	10e782a3          	sb	a4,261(a5) # 1001105 <statics_dirty>
    job_fill(r->x, r->y, r->w, r->h, c_bg);
 200255a:	00399713          	slli	a4,s3,0x3
 200255e:	020037b7          	lui	a5,0x2003
 2002562:	4c878793          	addi	a5,a5,1224 # 20034c8 <iseq>
 2002566:	97ba                	add	a5,a5,a4
 2002568:	14c7d403          	lhu	s0,332(a5)
 200256c:	14e7d703          	lhu	a4,334(a5)
 2002570:	893a                	mv	s2,a4
 2002572:	1507d703          	lhu	a4,336(a5)
 2002576:	863a                	mv	a2,a4
 2002578:	01001737          	lui	a4,0x1001
 200257c:	15075703          	lhu	a4,336(a4) # 1001150 <c_bg>
 2002580:	8a3a                	mv	s4,a4
 2002582:	1527d683          	lhu	a3,338(a5)
 2002586:	84b2                	mv	s1,a2
 2002588:	85ca                	mv	a1,s2
 200258a:	8522                	mv	a0,s0
 200258c:	d9aff0ef          	jal	2001b26 <job_fill>
    job_fill((uint16_t)(r->x + 2), (uint16_t)(r->y + 2), (uint16_t)(r->w - 4), TITLE_H, c_main);
 2002590:	010017b7          	lui	a5,0x1001
 2002594:	1547d703          	lhu	a4,340(a5) # 1001154 <c_main>
 2002598:	8aba                	mv	s5,a4
 200259a:	ffc48613          	addi	a2,s1,-4
 200259e:	00290593          	addi	a1,s2,2
 20025a2:	00240513          	addi	a0,s0,2
 20025a6:	46c1                	li	a3,16
 20025a8:	0642                	slli	a2,a2,0x10
 20025aa:	8241                	srli	a2,a2,0x10
 20025ac:	05c2                	slli	a1,a1,0x10
 20025ae:	81c1                	srli	a1,a1,0x10
 20025b0:	0542                	slli	a0,a0,0x10
 20025b2:	8141                	srli	a0,a0,0x10
 20025b4:	d72ff0ef          	jal	2001b26 <job_fill>
    job_text((uint16_t)(r->x + 6), (uint16_t)(r->y + 6), 1, c_bg, c_main, con_title(zone_content(z)));
 20025b8:	0419                	addi	s0,s0,6
 20025ba:	0442                	slli	s0,s0,0x10
 20025bc:	8041                	srli	s0,s0,0x10
 20025be:	00690793          	addi	a5,s2,6
 20025c2:	07c2                	slli	a5,a5,0x10
 20025c4:	83c1                	srli	a5,a5,0x10
 20025c6:	84be                	mv	s1,a5
 20025c8:	854e                	mv	a0,s3
 20025ca:	f14ff0ef          	jal	2001cde <zone_content>
    switch (con) {
 20025ce:	471d                	li	a4,7
 20025d0:	06a76663          	bltu	a4,a0,200263c <display_tick+0x700>
 20025d4:	00251793          	slli	a5,a0,0x2
 20025d8:	02003737          	lui	a4,0x2003
 20025dc:	48870713          	addi	a4,a4,1160 # 2003488 <H.0+0x14>
 20025e0:	97ba                	add	a5,a5,a4
 20025e2:	439c                	lw	a5,0(a5)
 20025e4:	8782                	jr	a5
        case CON_SLAVES: return "SLAVES";
 20025e6:	020037b7          	lui	a5,0x2003
 20025ea:	30078793          	addi	a5,a5,768 # 2003300 <display_tick+0x13c4>
    job_text((uint16_t)(r->x + 6), (uint16_t)(r->y + 6), 1, c_bg, c_main, con_title(zone_content(z)));
 20025ee:	8756                	mv	a4,s5
 20025f0:	86d2                	mv	a3,s4
 20025f2:	4605                	li	a2,1
 20025f4:	85a6                	mv	a1,s1
 20025f6:	8522                	mv	a0,s0
 20025f8:	d60ff0ef          	jal	2001b58 <job_text>
        if (statics_dirty & (1u << z)) { statics_dirty &= (uint8_t)~(1u << z); emit_static(z); return; }
 20025fc:	54d6                	lw	s1,116(sp)
 20025fe:	5946                	lw	s2,112(sp)
 2002600:	59b6                	lw	s3,108(sp)
 2002602:	5a26                	lw	s4,104(sp)
 2002604:	5a96                	lw	s5,100(sp)
 2002606:	5b06                	lw	s6,96(sp)
 2002608:	bad1                	j	2001fdc <display_tick+0xa0>
        case CON_WAVE:   return "ONDA";
 200260a:	020037b7          	lui	a5,0x2003
 200260e:	31078793          	addi	a5,a5,784 # 2003310 <display_tick+0x13d4>
 2002612:	bff1                	j	20025ee <display_tick+0x6b2>
        case CON_IRQ:    return "IRQ DMA";
 2002614:	020037b7          	lui	a5,0x2003
 2002618:	31878793          	addi	a5,a5,792 # 2003318 <display_tick+0x13dc>
 200261c:	bfc9                	j	20025ee <display_tick+0x6b2>
        case CON_LOGS:   return "MEMORIA";
 200261e:	020037b7          	lui	a5,0x2003
 2002622:	32078793          	addi	a5,a5,800 # 2003320 <display_tick+0x13e4>
 2002626:	b7e1                	j	20025ee <display_tick+0x6b2>
        case CON_TX:     return "TX PKT";
 2002628:	020037b7          	lui	a5,0x2003
 200262c:	32878793          	addi	a5,a5,808 # 2003328 <display_tick+0x13ec>
 2002630:	bf7d                	j	20025ee <display_tick+0x6b2>
        case CON_PEAKS:  return "PEAKS";
 2002632:	020037b7          	lui	a5,0x2003
 2002636:	33078793          	addi	a5,a5,816 # 2003330 <display_tick+0x13f4>
 200263a:	bf55                	j	20025ee <display_tick+0x6b2>
        default:         return "---";
 200263c:	020037b7          	lui	a5,0x2003
 2002640:	33878793          	addi	a5,a5,824 # 2003338 <display_tick+0x13fc>
 2002644:	b76d                	j	20025ee <display_tick+0x6b2>
    switch (con) {
 2002646:	020037b7          	lui	a5,0x2003
 200264a:	30878793          	addi	a5,a5,776 # 2003308 <display_tick+0x13cc>
 200264e:	b745                	j	20025ee <display_tick+0x6b2>
 2002650:	cede                	sw	s7,92(sp)
 2002652:	cce2                	sw	s8,88(sp)
 2002654:	cae6                	sw	s9,84(sp)
        if (content_dirty & (1u << z)) { content_dirty &= (uint8_t)~(1u << z); emit_content(z); return; }
 2002656:	4785                	li	a5,1
 2002658:	00a797b3          	sll	a5,a5,a0
 200265c:	fff7c793          	not	a5,a5
 2002660:	8f7d                	and	a4,a4,a5
 2002662:	010017b7          	lui	a5,0x1001
 2002666:	10e78223          	sb	a4,260(a5) # 1001104 <content_dirty>
    uint16_t cx = (uint16_t)(r->x + 4), cy = (uint16_t)(r->y + TITLE_H + 6);
 200266a:	00351713          	slli	a4,a0,0x3
 200266e:	020037b7          	lui	a5,0x2003
 2002672:	4c878793          	addi	a5,a5,1224 # 20034c8 <iseq>
 2002676:	97ba                	add	a5,a5,a4
 2002678:	14c7d703          	lhu	a4,332(a5)
 200267c:	8c3a                	mv	s8,a4
 200267e:	14e7d703          	lhu	a4,334(a5)
 2002682:	8bba                	mv	s7,a4
 2002684:	0759                	addi	a4,a4,22
 2002686:	0742                	slli	a4,a4,0x10
 2002688:	8341                	srli	a4,a4,0x10
 200268a:	8cba                	mv	s9,a4
    uint16_t cw = (uint16_t)(r->w - 8),  ch = (uint16_t)(r->h - TITLE_H - 10);
 200268c:	1507d703          	lhu	a4,336(a5)
 2002690:	1761                	addi	a4,a4,-8
 2002692:	0742                	slli	a4,a4,0x10
 2002694:	8341                	srli	a4,a4,0x10
 2002696:	c43a                	sw	a4,8(sp)
 2002698:	1527d403          	lhu	s0,338(a5)
    switch (zone_content(z)) {
 200269c:	e42ff0ef          	jal	2001cde <zone_content>
 20026a0:	471d                	li	a4,7
 20026a2:	28a761e3          	bltu	a4,a0,2003124 <display_tick+0x11e8>
 20026a6:	00251793          	slli	a5,a0,0x2
 20026aa:	02003737          	lui	a4,0x2003
 20026ae:	4a870713          	addi	a4,a4,1192 # 20034a8 <H.0+0x34>
 20026b2:	97ba                	add	a5,a5,a4
 20026b4:	439c                	lw	a5,0(a5)
 20026b6:	8782                	jr	a5
 20026b8:	daa6                	sw	s1,116(sp)
 20026ba:	d4d2                	sw	s4,104(sp)
 20026bc:	d2d6                	sw	s5,100(sp)
            unsigned m = health_last_mask();
 20026be:	fa5fe0ef          	jal	2001662 <health_last_mask>
 20026c2:	89aa                	mv	s3,a0
            for (int i = 0; i < 9; i++) {
 20026c4:	01ab8413          	addi	s0,s7,26
 20026c8:	0442                	slli	s0,s0,0x10
 20026ca:	8041                	srli	s0,s0,0x10
                p = sapp(buf, "S"); p = sappu(p, (uint32_t)i);
 20026cc:	020037b7          	lui	a5,0x2003
 20026d0:	36478793          	addi	a5,a5,868 # 2003364 <display_tick+0x1428>
 20026d4:	8a3e                	mv	s4,a5
                p = sapp(p, ok ? "  OK" : "  KO");
 20026d6:	020037b7          	lui	a5,0x2003
 20026da:	3d078793          	addi	a5,a5,976 # 20033d0 <display_tick+0x1494>
 20026de:	8abe                	mv	s5,a5
                job_text((uint16_t)(cx + 4), (uint16_t)(cy + 4 + i * 18), 1,
 20026e0:	008c0793          	addi	a5,s8,8
 20026e4:	07c2                	slli	a5,a5,0x10
 20026e6:	83c1                	srli	a5,a5,0x10
 20026e8:	893e                	mv	s2,a5
 20026ea:	0b90006f          	j	2002fa2 <display_tick+0x1066>
 20026ee:	008c0793          	addi	a5,s8,8
 20026f2:	07c2                	slli	a5,a5,0x10
 20026f4:	83c1                	srli	a5,a5,0x10
 20026f6:	84be                	mv	s1,a5
            job_text((uint16_t)(cx + 4), (uint16_t)(cy + 4 + 9 * 18), 1,
 20026f8:	0bcb8793          	addi	a5,s7,188
 20026fc:	07c2                	slli	a5,a5,0x10
 20026fe:	83c1                	srli	a5,a5,0x10
 2002700:	893e                	mv	s2,a5
                     nor_present() ? C_GREEN : C_RED, c_bg,
 2002702:	81ffe0ef          	jal	2000f20 <nor_present>
            job_text((uint16_t)(cx + 4), (uint16_t)(cy + 4 + 9 * 18), 1,
 2002706:	6441                	lui	s0,0x10
 2002708:	80040413          	addi	s0,s0,-2048 # f800 <g_cols-0xff0800>
 200270c:	c119                	beqz	a0,2002712 <display_tick+0x7d6>
 200270e:	7e000413          	li	s0,2016
 2002712:	010017b7          	lui	a5,0x1001
 2002716:	1507d783          	lhu	a5,336(a5) # 1001150 <c_bg>
 200271a:	89be                	mv	s3,a5
                     nor_present() ? "NOR OK" : "NOR KO");
 200271c:	805fe0ef          	jal	2000f20 <nor_present>
            job_text((uint16_t)(cx + 4), (uint16_t)(cy + 4 + 9 * 18), 1,
 2002720:	c515                	beqz	a0,200274c <display_tick+0x810>
 2002722:	020037b7          	lui	a5,0x2003
 2002726:	33c78793          	addi	a5,a5,828 # 200333c <display_tick+0x1400>
 200272a:	874e                	mv	a4,s3
 200272c:	86a2                	mv	a3,s0
 200272e:	4605                	li	a2,1
 2002730:	85ca                	mv	a1,s2
 2002732:	8526                	mv	a0,s1
 2002734:	c24ff0ef          	jal	2001b58 <job_text>
            break;
 2002738:	54d6                	lw	s1,116(sp)
 200273a:	5946                	lw	s2,112(sp)
 200273c:	59b6                	lw	s3,108(sp)
 200273e:	5a26                	lw	s4,104(sp)
 2002740:	5a96                	lw	s5,100(sp)
 2002742:	5b06                	lw	s6,96(sp)
 2002744:	4bf6                	lw	s7,92(sp)
 2002746:	4c66                	lw	s8,88(sp)
 2002748:	4cd6                	lw	s9,84(sp)
 200274a:	b849                	j	2001fdc <display_tick+0xa0>
            job_text((uint16_t)(cx + 4), (uint16_t)(cy + 4 + 9 * 18), 1,
 200274c:	020037b7          	lui	a5,0x2003
 2002750:	34478793          	addi	a5,a5,836 # 2003344 <display_tick+0x1408>
 2002754:	bfd9                	j	200272a <display_tick+0x7ee>
 2002756:	daa6                	sw	s1,116(sp)
            job_text((uint16_t)(cx + 4), cy, 1, c_text, c_bg, "ULTIMO:");
 2002758:	008c0793          	addi	a5,s8,8
 200275c:	07c2                	slli	a5,a5,0x10
 200275e:	83c1                	srli	a5,a5,0x10
 2002760:	853e                	mv	a0,a5
 2002762:	010017b7          	lui	a5,0x1001
 2002766:	1527d783          	lhu	a5,338(a5) # 1001152 <c_text>
 200276a:	86be                	mv	a3,a5
 200276c:	010017b7          	lui	a5,0x1001
 2002770:	1507d783          	lhu	a5,336(a5) # 1001150 <c_bg>
 2002774:	873e                	mv	a4,a5
 2002776:	020037b7          	lui	a5,0x2003
 200277a:	36878793          	addi	a5,a5,872 # 2003368 <display_tick+0x142c>
 200277e:	84ba                	mv	s1,a4
 2002780:	89b6                	mv	s3,a3
 2002782:	4605                	li	a2,1
 2002784:	85e6                	mv	a1,s9
 2002786:	892a                	mv	s2,a0
 2002788:	bd0ff0ef          	jal	2001b58 <job_text>
            buf[0] = rx_last; buf[1] = 0;
 200278c:	010007b7          	lui	a5,0x1000
 2002790:	01c7c783          	lbu	a5,28(a5) # 100001c <rx_last>
 2002794:	00f10c23          	sb	a5,24(sp)
 2002798:	00010ca3          	sb	zero,25(sp)
            job_text((uint16_t)(cx + cw / 2 - 6), (uint16_t)(cy + 24), 2, c_main, c_bg, buf);
 200279c:	0820                	addi	s0,sp,24
 200279e:	02eb8593          	addi	a1,s7,46
 20027a2:	47a2                	lw	a5,8(sp)
 20027a4:	0017d513          	srli	a0,a5,0x1
 20027a8:	ffec0793          	addi	a5,s8,-2
 20027ac:	953e                	add	a0,a0,a5
 20027ae:	87a2                	mv	a5,s0
 20027b0:	8726                	mv	a4,s1
 20027b2:	010016b7          	lui	a3,0x1001
 20027b6:	1546d683          	lhu	a3,340(a3) # 1001154 <c_main>
 20027ba:	4609                	li	a2,2
 20027bc:	05c2                	slli	a1,a1,0x10
 20027be:	81c1                	srli	a1,a1,0x10
 20027c0:	0542                	slli	a0,a0,0x10
 20027c2:	8141                	srli	a0,a0,0x10
 20027c4:	b94ff0ef          	jal	2001b58 <job_text>
            p = sapp(buf, "N="); p = sappu(p, rx_cnt); padto(buf, 13);
 20027c8:	020035b7          	lui	a1,0x2003
 20027cc:	37058593          	addi	a1,a1,880 # 2003370 <display_tick+0x1434>
 20027d0:	8522                	mv	a0,s0
 20027d2:	be6ff0ef          	jal	2001bb8 <sapp>
 20027d6:	010017b7          	lui	a5,0x1001
 20027da:	14c7a583          	lw	a1,332(a5) # 100114c <rx_cnt>
 20027de:	bf4ff0ef          	jal	2001bd2 <sappu>
 20027e2:	45b5                	li	a1,13
 20027e4:	8522                	mv	a0,s0
 20027e6:	c96ff0ef          	jal	2001c7c <padto>
            job_text((uint16_t)(cx + 4), (uint16_t)(cy + 64), 1, c_text, c_bg, buf);
 20027ea:	056b8593          	addi	a1,s7,86
 20027ee:	87a2                	mv	a5,s0
 20027f0:	8726                	mv	a4,s1
 20027f2:	86ce                	mv	a3,s3
 20027f4:	4605                	li	a2,1
 20027f6:	05c2                	slli	a1,a1,0x10
 20027f8:	81c1                	srli	a1,a1,0x10
 20027fa:	854a                	mv	a0,s2
 20027fc:	b5cff0ef          	jal	2001b58 <job_text>
            break;
 2002800:	54d6                	lw	s1,116(sp)
 2002802:	5946                	lw	s2,112(sp)
 2002804:	59b6                	lw	s3,108(sp)
 2002806:	5b06                	lw	s6,96(sp)
 2002808:	4bf6                	lw	s7,92(sp)
 200280a:	4c66                	lw	s8,88(sp)
 200280c:	4cd6                	lw	s9,84(sp)
 200280e:	fceff06f          	j	2001fdc <display_tick+0xa0>
 2002812:	daa6                	sw	s1,116(sp)
 2002814:	d4d2                	sw	s4,104(sp)
 2002816:	d2d6                	sw	s5,100(sp)
 2002818:	c8ea                	sw	s10,80(sp)
    uint16_t cx = (uint16_t)(r->x + 4), cy = (uint16_t)(r->y + TITLE_H + 6);
 200281a:	004c0793          	addi	a5,s8,4
 200281e:	07c2                	slli	a5,a5,0x10
 2002820:	83c1                	srli	a5,a5,0x10
 2002822:	89be                	mv	s3,a5
            uint16_t bh = (uint16_t)(ch - 14);
 2002824:	fd840793          	addi	a5,s0,-40
 2002828:	07c2                	slli	a5,a5,0x10
 200282a:	83c1                	srli	a5,a5,0x10
 200282c:	84be                	mv	s1,a5
            for (int b = WB_LO; b <= WB_HI; b++) {
 200282e:	01000637          	lui	a2,0x1000
 2002832:	44060613          	addi	a2,a2,1088 # 1000440 <g_sdram>
 2002836:	02060413          	addi	s0,a2,32
 200283a:	07060613          	addi	a2,a2,112
            uint16_t bh = (uint16_t)(ch - 14);
 200283e:	8722                	mv	a4,s0
            int vmax = 60;
 2002840:	03c00793          	li	a5,60
 2002844:	8a3e                	mv	s4,a5
 2002846:	a021                	j	200284e <display_tick+0x912>
            for (int b = WB_LO; b <= WB_HI; b++) {
 2002848:	0709                	addi	a4,a4,2
 200284a:	00e60f63          	beq	a2,a4,2002868 <display_tick+0x92c>
    return (v < 0) ? -(int)v : (int)v;
 200284e:	00071683          	lh	a3,0(a4)
 2002852:	86bd                	srai	a3,a3,0xf
 2002854:	00075783          	lhu	a5,0(a4)
 2002858:	8fb5                	xor	a5,a5,a3
 200285a:	8f95                	sub	a5,a5,a3
 200285c:	07c2                	slli	a5,a5,0x10
 200285e:	83c1                	srli	a5,a5,0x10
                if (a > vmax) vmax = a;
 2002860:	fefa54e3          	bge	s4,a5,2002848 <display_tick+0x90c>
 2002864:	8a3e                	mv	s4,a5
 2002866:	b7cd                	j	2002848 <display_tick+0x90c>
            for (int b = WB_LO; b <= WB_HI; b++) {
 2002868:	47c1                	li	a5,16
 200286a:	893e                	mv	s2,a5
                if (h > bh) h = bh;
 200286c:	8b26                	mv	s6,s1
 200286e:	180307b7          	lui	a5,0x18030
 2002872:	41178793          	addi	a5,a5,1041 # 18030411 <_data_lma+0x1602cddd>
 2002876:	8d3e                	mv	s10,a5
 2002878:	a815                	j	20028ac <display_tick+0x970>
                job_vbar((uint16_t)(cx + (b - WB_LO) * 3), cy, 2, bh,
 200287a:	01001737          	lui	a4,0x1001
 200287e:	15275683          	lhu	a3,338(a4) # 1001152 <c_text>
 2002882:	a0b5                	j	20028ee <display_tick+0x9b2>
    j.aux = (bar_h > h) ? h : bar_h; j.txt[0] = 0;
 2002884:	02e11323          	sh	a4,38(sp)
 2002888:	02010423          	sb	zero,40(sp)
    job_push(&j);
 200288c:	0828                	addi	a0,sp,24
 200288e:	a36ff0ef          	jal	2001ac4 <job_push>
            for (int b = WB_LO; b <= WB_HI; b++) {
 2002892:	00190793          	addi	a5,s2,1
 2002896:	893e                	mv	s2,a5
 2002898:	0409                	addi	s0,s0,2
 200289a:	00398793          	addi	a5,s3,3
 200289e:	07c2                	slli	a5,a5,0x10
 20028a0:	83c1                	srli	a5,a5,0x10
 20028a2:	89be                	mv	s3,a5
 20028a4:	03800793          	li	a5,56
 20028a8:	06f90c63          	beq	s2,a5,2002920 <display_tick+0x9e4>
    return (v < 0) ? -(int)v : (int)v;
 20028ac:	00041703          	lh	a4,0(s0)
 20028b0:	873d                	srai	a4,a4,0xf
 20028b2:	00045783          	lhu	a5,0(s0)
 20028b6:	8fb9                	xor	a5,a5,a4
 20028b8:	8f99                	sub	a5,a5,a4
                uint32_t h = (uint32_t)fft_abs(b) * bh / (uint32_t)vmax;
 20028ba:	07c2                	slli	a5,a5,0x10
 20028bc:	83c1                	srli	a5,a5,0x10
 20028be:	029787b3          	mul	a5,a5,s1
 20028c2:	0347d7b3          	divu	a5,a5,s4
                if (h > bh) h = bh;
 20028c6:	00f4f363          	bgeu	s1,a5,20028cc <display_tick+0x990>
 20028ca:	87a6                	mv	a5,s1
                if (h < 1)  h = 1;
 20028cc:	e391                	bnez	a5,20028d0 <display_tick+0x994>
 20028ce:	4785                	li	a5,1
                job_vbar((uint16_t)(cx + (b - WB_LO) * 3), cy, 2, bh,
 20028d0:	07c2                	slli	a5,a5,0x10
 20028d2:	83c1                	srli	a5,a5,0x10
 20028d4:	fea90713          	addi	a4,s2,-22
 20028d8:	46f1                	li	a3,28
 20028da:	fae6e0e3          	bltu	a3,a4,200287a <display_tick+0x93e>
 20028de:	00ed5733          	srl	a4,s10,a4
 20028e2:	8b05                	andi	a4,a4,1
 20028e4:	db59                	beqz	a4,200287a <display_tick+0x93e>
 20028e6:	01001737          	lui	a4,0x1001
 20028ea:	15475683          	lhu	a3,340(a4) # 1001154 <c_main>
 20028ee:	01001737          	lui	a4,0x1001
 20028f2:	15075703          	lhu	a4,336(a4) # 1001150 <c_bg>
 20028f6:	8aba                	mv	s5,a4
    job_t j; j.kind = 2; j.x = x; j.y = y; j.w = w; j.h = h; j.fg = fg; j.bg = bg;
 20028f8:	4709                	li	a4,2
 20028fa:	00e10c23          	sb	a4,24(sp)
 20028fe:	01311d23          	sh	s3,26(sp)
 2002902:	01911e23          	sh	s9,28(sp)
 2002906:	00e11f23          	sh	a4,30(sp)
 200290a:	02911023          	sh	s1,32(sp)
 200290e:	02d11123          	sh	a3,34(sp)
 2002912:	03511223          	sh	s5,36(sp)
    j.aux = (bar_h > h) ? h : bar_h; j.txt[0] = 0;
 2002916:	8726                	mv	a4,s1
 2002918:	f767f6e3          	bgeu	a5,s6,2002884 <display_tick+0x948>
 200291c:	873e                	mv	a4,a5
 200291e:	b79d                	j	2002884 <display_tick+0x948>
            job_text((uint16_t)(cx + 2), (uint16_t)(cy + bh + 4), 1, c_text, c_bg,
 2002920:	01ab8793          	addi	a5,s7,26
 2002924:	00f485b3          	add	a1,s1,a5
 2002928:	006c0513          	addi	a0,s8,6
 200292c:	020037b7          	lui	a5,0x2003
 2002930:	37478793          	addi	a5,a5,884 # 2003374 <display_tick+0x1438>
 2002934:	8756                	mv	a4,s5
 2002936:	010016b7          	lui	a3,0x1001
 200293a:	1526d683          	lhu	a3,338(a3) # 1001152 <c_text>
 200293e:	4605                	li	a2,1
 2002940:	05c2                	slli	a1,a1,0x10
 2002942:	81c1                	srli	a1,a1,0x10
 2002944:	0542                	slli	a0,a0,0x10
 2002946:	8141                	srli	a0,a0,0x10
 2002948:	a10ff0ef          	jal	2001b58 <job_text>
            break;
 200294c:	54d6                	lw	s1,116(sp)
 200294e:	5946                	lw	s2,112(sp)
 2002950:	59b6                	lw	s3,108(sp)
 2002952:	5a26                	lw	s4,104(sp)
 2002954:	5a96                	lw	s5,100(sp)
 2002956:	5b06                	lw	s6,96(sp)
 2002958:	4bf6                	lw	s7,92(sp)
 200295a:	4c66                	lw	s8,88(sp)
 200295c:	4cd6                	lw	s9,84(sp)
 200295e:	4d46                	lw	s10,80(sp)
 2002960:	e7cff06f          	j	2001fdc <display_tick+0xa0>
 2002964:	daa6                	sw	s1,116(sp)
 2002966:	d4d2                	sw	s4,104(sp)
 2002968:	d2d6                	sw	s5,100(sp)
            uint32_t irqc = S0_IRQCNT;
 200296a:	480007b7          	lui	a5,0x48000
 200296e:	08c7a783          	lw	a5,140(a5) # 4800008c <_data_lma+0x45ffca58>
 2002972:	8a3e                	mv	s4,a5
            job_text((uint16_t)(cx + 4), cy, 1, c_text, c_bg, "FFT FATTE:");
 2002974:	008c0793          	addi	a5,s8,8
 2002978:	07c2                	slli	a5,a5,0x10
 200297a:	83c1                	srli	a5,a5,0x10
 200297c:	853e                	mv	a0,a5
 200297e:	010017b7          	lui	a5,0x1001
 2002982:	1527d783          	lhu	a5,338(a5) # 1001152 <c_text>
 2002986:	86be                	mv	a3,a5
 2002988:	010017b7          	lui	a5,0x1001
 200298c:	1507d783          	lhu	a5,336(a5) # 1001150 <c_bg>
 2002990:	873e                	mv	a4,a5
 2002992:	020037b7          	lui	a5,0x2003
 2002996:	38478793          	addi	a5,a5,900 # 2003384 <display_tick+0x1448>
 200299a:	89ba                	mv	s3,a4
 200299c:	8ab6                	mv	s5,a3
 200299e:	4605                	li	a2,1
 20029a0:	85e6                	mv	a1,s9
 20029a2:	892a                	mv	s2,a0
 20029a4:	9b4ff0ef          	jal	2001b58 <job_text>
            p = sappuk(buf, irqc); padto(buf, 7);
 20029a8:	0820                	addi	s0,sp,24
 20029aa:	85d2                	mv	a1,s4
 20029ac:	8522                	mv	a0,s0
 20029ae:	a9cff0ef          	jal	2001c4a <sappuk>
 20029b2:	459d                	li	a1,7
 20029b4:	8522                	mv	a0,s0
 20029b6:	ac6ff0ef          	jal	2001c7c <padto>
            job_text((uint16_t)(cx + 4), (uint16_t)(cy + 20), 2, c_main, c_bg, buf);
 20029ba:	02ab8593          	addi	a1,s7,42
 20029be:	87a2                	mv	a5,s0
 20029c0:	874e                	mv	a4,s3
 20029c2:	010016b7          	lui	a3,0x1001
 20029c6:	1546d683          	lhu	a3,340(a3) # 1001154 <c_main>
 20029ca:	4609                	li	a2,2
 20029cc:	05c2                	slli	a1,a1,0x10
 20029ce:	81c1                	srli	a1,a1,0x10
 20029d0:	854a                	mv	a0,s2
 20029d2:	986ff0ef          	jal	2001b58 <job_text>
            p = sapp(buf, "+"); p = sappu(p, irqc - irq_prev); p = sapp(p, " NUOVE");
 20029d6:	020035b7          	lui	a1,0x2003
 20029da:	39058593          	addi	a1,a1,912 # 2003390 <display_tick+0x1454>
 20029de:	8522                	mv	a0,s0
 20029e0:	9d8ff0ef          	jal	2001bb8 <sapp>
 20029e4:	010014b7          	lui	s1,0x1001
 20029e8:	1404a583          	lw	a1,320(s1) # 1001140 <irq_prev>
 20029ec:	40ba05b3          	sub	a1,s4,a1
 20029f0:	9e2ff0ef          	jal	2001bd2 <sappu>
 20029f4:	020035b7          	lui	a1,0x2003
 20029f8:	39458593          	addi	a1,a1,916 # 2003394 <display_tick+0x1458>
 20029fc:	9bcff0ef          	jal	2001bb8 <sapp>
            padto(buf, 13);
 2002a00:	45b5                	li	a1,13
 2002a02:	8522                	mv	a0,s0
 2002a04:	a78ff0ef          	jal	2001c7c <padto>
            job_text((uint16_t)(cx + 4), (uint16_t)(cy + 48), 1, c_text, c_bg, buf);
 2002a08:	046b8593          	addi	a1,s7,70
 2002a0c:	87a2                	mv	a5,s0
 2002a0e:	874e                	mv	a4,s3
 2002a10:	86d6                	mv	a3,s5
 2002a12:	4605                	li	a2,1
 2002a14:	05c2                	slli	a1,a1,0x10
 2002a16:	81c1                	srli	a1,a1,0x10
 2002a18:	854a                	mv	a0,s2
 2002a1a:	93eff0ef          	jal	2001b58 <job_text>
            irq_prev = irqc;
 2002a1e:	1544a023          	sw	s4,320(s1)
            break;
 2002a22:	54d6                	lw	s1,116(sp)
 2002a24:	5946                	lw	s2,112(sp)
 2002a26:	59b6                	lw	s3,108(sp)
 2002a28:	5a26                	lw	s4,104(sp)
 2002a2a:	5a96                	lw	s5,100(sp)
 2002a2c:	5b06                	lw	s6,96(sp)
 2002a2e:	4bf6                	lw	s7,92(sp)
 2002a30:	4c66                	lw	s8,88(sp)
 2002a32:	4cd6                	lw	s9,84(sp)
 2002a34:	da8ff06f          	j	2001fdc <display_tick+0xa0>
 2002a38:	daa6                	sw	s1,116(sp)
            if (nor_log_epoch() != dlog_epoch) {
 2002a3a:	d04fe0ef          	jal	2000f3e <nor_log_epoch>
 2002a3e:	010007b7          	lui	a5,0x1000
 2002a42:	0147a783          	lw	a5,20(a5) # 1000014 <dlog_epoch.2>
 2002a46:	06f51063          	bne	a0,a5,2002aa6 <display_tick+0xb6a>
            for (int i = 0; i < dlog_n; i++) {
 2002a4a:	010017b7          	lui	a5,0x1001
 2002a4e:	0f87a783          	lw	a5,248(a5) # 10010f8 <dlog_n.1>
 2002a52:	89be                	mv	s3,a5
 2002a54:	22f05163          	blez	a5,2002c76 <display_tick+0xd3a>
 2002a58:	d4d2                	sw	s4,104(sp)
 2002a5a:	d2d6                	sw	s5,100(sp)
 2002a5c:	c8ea                	sw	s10,80(sp)
 2002a5e:	c6ee                	sw	s11,76(sp)
 2002a60:	010017b7          	lui	a5,0x1001
 2002a64:	00878793          	addi	a5,a5,8 # 1001008 <dlog.0>
 2002a68:	893e                	mv	s2,a5
 2002a6a:	018b8793          	addi	a5,s7,24
 2002a6e:	07c2                	slli	a5,a5,0x10
 2002a70:	83c1                	srli	a5,a5,0x10
 2002a72:	8a3e                	mv	s4,a5
                p = sapp(buf, "#"); p = sappu(p, seq % 10000u);
 2002a74:	020037b7          	lui	a5,0x2003
 2002a78:	39c78793          	addi	a5,a5,924 # 200339c <display_tick+0x1460>
 2002a7c:	8dbe                	mv	s11,a5
 2002a7e:	d1b717b7          	lui	a5,0xd1b71
 2002a82:	75978793          	addi	a5,a5,1881 # d1b71759 <_data_lma+0xcfb6e125>
 2002a86:	8cbe                	mv	s9,a5
 2002a88:	6789                	lui	a5,0x2
 2002a8a:	71078793          	addi	a5,a5,1808 # 2710 <g_cols-0xffd8f0>
 2002a8e:	8d3e                	mv	s10,a5
                p = sapp(p, " ");
 2002a90:	020037b7          	lui	a5,0x2003
 2002a94:	3ac78793          	addi	a5,a5,940 # 20033ac <display_tick+0x1470>
 2002a98:	8abe                	mv	s5,a5
                job_text((uint16_t)(cx + 2), (uint16_t)(cy + 2 + i * 14), 1,
 2002a9a:	006c0793          	addi	a5,s8,6
 2002a9e:	07c2                	slli	a5,a5,0x10
 2002aa0:	83c1                	srli	a5,a5,0x10
 2002aa2:	8bbe                	mv	s7,a5
 2002aa4:	a0cd                	j	2002b86 <display_tick+0xc4a>
                dlog_epoch = nor_log_epoch();
 2002aa6:	c98fe0ef          	jal	2000f3e <nor_log_epoch>
 2002aaa:	010007b7          	lui	a5,0x1000
 2002aae:	00a7aa23          	sw	a0,20(a5) # 1000014 <dlog_epoch.2>
                dlog_n = 0;
 2002ab2:	010017b7          	lui	a5,0x1001
 2002ab6:	0e07ac23          	sw	zero,248(a5) # 10010f8 <dlog_n.1>
                for (int back = 0; back < 12 && dlog_n < 6; back++)
 2002aba:	84da                	mv	s1,s6
 2002abc:	01001437          	lui	s0,0x1001
                    if (nor_log_get(back, dlog[dlog_n])) dlog_n++;
 2002ac0:	010017b7          	lui	a5,0x1001
 2002ac4:	00878793          	addi	a5,a5,8 # 1001008 <dlog.0>
 2002ac8:	893e                	mv	s2,a5
 2002aca:	a039                	j	2002ad8 <display_tick+0xb9c>
                for (int back = 0; back < 12 && dlog_n < 6; back++)
 2002acc:	00148793          	addi	a5,s1,1
 2002ad0:	84be                	mv	s1,a5
 2002ad2:	4731                	li	a4,12
 2002ad4:	f6e78be3          	beq	a5,a4,2002a4a <display_tick+0xb0e>
 2002ad8:	0f842783          	lw	a5,248(s0) # 10010f8 <dlog_n.1>
 2002adc:	4715                	li	a4,5
 2002ade:	00f74f63          	blt	a4,a5,2002afc <display_tick+0xbc0>
                    if (nor_log_get(back, dlog[dlog_n])) dlog_n++;
 2002ae2:	0792                	slli	a5,a5,0x4
 2002ae4:	00f905b3          	add	a1,s2,a5
 2002ae8:	8526                	mv	a0,s1
 2002aea:	facfe0ef          	jal	2001296 <nor_log_get>
 2002aee:	dd79                	beqz	a0,2002acc <display_tick+0xb90>
 2002af0:	0f842783          	lw	a5,248(s0)
 2002af4:	0785                	addi	a5,a5,1
 2002af6:	0ef42c23          	sw	a5,248(s0)
 2002afa:	bfc9                	j	2002acc <display_tick+0xb90>
 2002afc:	d4d2                	sw	s4,104(sp)
 2002afe:	d2d6                	sw	s5,100(sp)
 2002b00:	c8ea                	sw	s10,80(sp)
 2002b02:	c6ee                	sw	s11,76(sp)
            for (int i = 0; i < dlog_n; i++) {
 2002b04:	010017b7          	lui	a5,0x1001
 2002b08:	0f87a783          	lw	a5,248(a5) # 10010f8 <dlog_n.1>
 2002b0c:	89be                	mv	s3,a5
 2002b0e:	bf89                	j	2002a60 <display_tick+0xb24>
                    if (c < 0x20 || c > 0x7E) break;
 2002b10:	853e                	mv	a0,a5
 2002b12:	a8ed                	j	2002c0c <display_tick+0xcd0>
                    else                 { tv = ts / 3600u; suf = 'H'; if (tv > 99u) tv = 99u; }
 2002b14:	000587b7          	lui	a5,0x58
 2002b18:	e3f78793          	addi	a5,a5,-449 # 57e3f <g_cols-0xfa81c1>
 2002b1c:	1287e563          	bltu	a5,s0,2002c46 <display_tick+0xd0a>
 2002b20:	91a2b7b7          	lui	a5,0x91a2b
 2002b24:	3c578793          	addi	a5,a5,965 # 91a2b3c5 <_data_lma+0x8fa27d91>
 2002b28:	02f437b3          	mulhu	a5,s0,a5
 2002b2c:	00b7d413          	srli	s0,a5,0xb
 2002b30:	04800793          	li	a5,72
 2002b34:	84be                	mv	s1,a5
                    p = sappu(p, tv); *p++ = suf; *p = 0;
 2002b36:	85a2                	mv	a1,s0
 2002b38:	89aff0ef          	jal	2001bd2 <sappu>
 2002b3c:	00950023          	sb	s1,0(a0)
 2002b40:	000500a3          	sb	zero,1(a0)
                padto(buf, 20);
 2002b44:	45d1                	li	a1,20
 2002b46:	0828                	addi	a0,sp,24
 2002b48:	934ff0ef          	jal	2001c7c <padto>
                job_text((uint16_t)(cx + 2), (uint16_t)(cy + 2 + i * 14), 1,
 2002b4c:	100b1363          	bnez	s6,2002c52 <display_tick+0xd16>
 2002b50:	010017b7          	lui	a5,0x1001
 2002b54:	1547d683          	lhu	a3,340(a5) # 1001154 <c_main>
 2002b58:	083c                	addi	a5,sp,24
 2002b5a:	01001737          	lui	a4,0x1001
 2002b5e:	15075703          	lhu	a4,336(a4) # 1001150 <c_bg>
 2002b62:	4605                	li	a2,1
 2002b64:	85d2                	mv	a1,s4
 2002b66:	855e                	mv	a0,s7
 2002b68:	ff1fe0ef          	jal	2001b58 <job_text>
            for (int i = 0; i < dlog_n; i++) {
 2002b6c:	001b0713          	addi	a4,s6,1
 2002b70:	8b3a                	mv	s6,a4
 2002b72:	01090713          	addi	a4,s2,16
 2002b76:	893a                	mv	s2,a4
 2002b78:	00ea0793          	addi	a5,s4,14
 2002b7c:	07c2                	slli	a5,a5,0x10
 2002b7e:	83c1                	srli	a5,a5,0x10
 2002b80:	8a3e                	mv	s4,a5
 2002b82:	0d698d63          	beq	s3,s6,2002c5c <display_tick+0xd20>
                uint32_t seq = ((uint32_t)rc[0] << 8) | rc[1];
 2002b86:	00094783          	lbu	a5,0(s2)
 2002b8a:	07a2                	slli	a5,a5,0x8
 2002b8c:	00194703          	lbu	a4,1(s2)
 2002b90:	8fd9                	or	a5,a5,a4
 2002b92:	84be                	mv	s1,a5
                uint32_t ts  = ((uint32_t)rc[3] << 24) | ((uint32_t)rc[4] << 16) |
 2002b94:	00394403          	lbu	s0,3(s2)
 2002b98:	0462                	slli	s0,s0,0x18
 2002b9a:	00494783          	lbu	a5,4(s2)
 2002b9e:	07c2                	slli	a5,a5,0x10
 2002ba0:	8c5d                	or	s0,s0,a5
                               ((uint32_t)rc[5] << 8)  |  (uint32_t)rc[6];
 2002ba2:	00694783          	lbu	a5,6(s2)
                uint32_t ts  = ((uint32_t)rc[3] << 24) | ((uint32_t)rc[4] << 16) |
 2002ba6:	8c5d                	or	s0,s0,a5
                               ((uint32_t)rc[5] << 8)  |  (uint32_t)rc[6];
 2002ba8:	00594783          	lbu	a5,5(s2)
 2002bac:	07a2                	slli	a5,a5,0x8
                uint32_t ts  = ((uint32_t)rc[3] << 24) | ((uint32_t)rc[4] << 16) |
 2002bae:	8c5d                	or	s0,s0,a5
                p = sapp(buf, "#"); p = sappu(p, seq % 10000u);
 2002bb0:	85ee                	mv	a1,s11
 2002bb2:	0828                	addi	a0,sp,24
 2002bb4:	804ff0ef          	jal	2001bb8 <sapp>
 2002bb8:	0394b5b3          	mulhu	a1,s1,s9
 2002bbc:	81b5                	srli	a1,a1,0xd
 2002bbe:	03a585b3          	mul	a1,a1,s10
 2002bc2:	40b485b3          	sub	a1,s1,a1
 2002bc6:	80cff0ef          	jal	2001bd2 <sappu>
                p = sapp(p, " ");
 2002bca:	85d6                	mv	a1,s5
 2002bcc:	fedfe0ef          	jal	2001bb8 <sapp>
                *p++ = (char)rc[2]; *p = 0;          /* tipo: B/R/P/N/E */
 2002bd0:	00294783          	lbu	a5,2(s2)
 2002bd4:	00f50023          	sb	a5,0(a0)
 2002bd8:	000500a3          	sb	zero,1(a0)
                p = sapp(p, " ");
 2002bdc:	85d6                	mv	a1,s5
 2002bde:	0505                	addi	a0,a0,1
 2002be0:	fd9fe0ef          	jal	2001bb8 <sapp>
 2002be4:	87aa                	mv	a5,a0
                for (int k = 8; k < 16; k++) {       /* testo (note, eventi) */
 2002be6:	00890693          	addi	a3,s2,8
 2002bea:	0521                	addi	a0,a0,8
                    if (c < 0x20 || c > 0x7E) break;
 2002bec:	05e00593          	li	a1,94
                    char c = (char)rc[k];
 2002bf0:	0006c603          	lbu	a2,0(a3)
                    if (c < 0x20 || c > 0x7E) break;
 2002bf4:	fe060713          	addi	a4,a2,-32
 2002bf8:	0ff77713          	zext.b	a4,a4
 2002bfc:	f0e5eae3          	bltu	a1,a4,2002b10 <display_tick+0xbd4>
                    *p++ = c;
 2002c00:	0785                	addi	a5,a5,1
 2002c02:	fec78fa3          	sb	a2,-1(a5)
                for (int k = 8; k < 16; k++) {       /* testo (note, eventi) */
 2002c06:	0685                	addi	a3,a3,1
 2002c08:	fea794e3          	bne	a5,a0,2002bf0 <display_tick+0xcb4>
                *p = 0;
 2002c0c:	00050023          	sb	zero,0(a0)
                p = sapp(p, " ");
 2002c10:	85d6                	mv	a1,s5
 2002c12:	fa7fe0ef          	jal	2001bb8 <sapp>
                    if (ts < 60u)        { tv = ts;         suf = 'S'; }
 2002c16:	03b00793          	li	a5,59
 2002c1a:	05300713          	li	a4,83
 2002c1e:	84ba                	mv	s1,a4
 2002c20:	f087fbe3          	bgeu	a5,s0,2002b36 <display_tick+0xbfa>
                    else if (ts < 3600u) { tv = ts / 60u;   suf = 'M'; }
 2002c24:	6785                	lui	a5,0x1
 2002c26:	e0f78793          	addi	a5,a5,-497 # e0f <g_cols-0xfff1f1>
 2002c2a:	ee87e5e3          	bltu	a5,s0,2002b14 <display_tick+0xbd8>
 2002c2e:	888897b7          	lui	a5,0x88889
 2002c32:	88978793          	addi	a5,a5,-1911 # 88888889 <_data_lma+0x86885255>
 2002c36:	02f437b3          	mulhu	a5,s0,a5
 2002c3a:	0057d413          	srli	s0,a5,0x5
 2002c3e:	04d00793          	li	a5,77
 2002c42:	84be                	mv	s1,a5
 2002c44:	bdcd                	j	2002b36 <display_tick+0xbfa>
                    else                 { tv = ts / 3600u; suf = 'H'; if (tv > 99u) tv = 99u; }
 2002c46:	04800793          	li	a5,72
 2002c4a:	84be                	mv	s1,a5
 2002c4c:	06300413          	li	s0,99
 2002c50:	b5dd                	j	2002b36 <display_tick+0xbfa>
                job_text((uint16_t)(cx + 2), (uint16_t)(cy + 2 + i * 14), 1,
 2002c52:	010017b7          	lui	a5,0x1001
 2002c56:	1527d683          	lhu	a3,338(a5) # 1001152 <c_text>
 2002c5a:	bdfd                	j	2002b58 <display_tick+0xc1c>
 2002c5c:	54d6                	lw	s1,116(sp)
 2002c5e:	5946                	lw	s2,112(sp)
 2002c60:	59b6                	lw	s3,108(sp)
 2002c62:	5a26                	lw	s4,104(sp)
 2002c64:	5a96                	lw	s5,100(sp)
 2002c66:	5b06                	lw	s6,96(sp)
 2002c68:	4bf6                	lw	s7,92(sp)
 2002c6a:	4c66                	lw	s8,88(sp)
 2002c6c:	4cd6                	lw	s9,84(sp)
 2002c6e:	4d46                	lw	s10,80(sp)
 2002c70:	4db6                	lw	s11,76(sp)
 2002c72:	b6aff06f          	j	2001fdc <display_tick+0xa0>
            if (dlog_n == 0) {
 2002c76:	4c079763          	bnez	a5,2003144 <display_tick+0x1208>
                p = sapp(buf, nor_present() ? "VUOTA" : "NOR ASSENTE");
 2002c7a:	aa6fe0ef          	jal	2000f20 <nor_present>
 2002c7e:	c931                	beqz	a0,2002cd2 <display_tick+0xd96>
 2002c80:	020035b7          	lui	a1,0x2003
 2002c84:	34c58593          	addi	a1,a1,844 # 200334c <display_tick+0x1410>
 2002c88:	0820                	addi	s0,sp,24
 2002c8a:	8522                	mv	a0,s0
 2002c8c:	f2dfe0ef          	jal	2001bb8 <sapp>
                padto(buf, 20);
 2002c90:	45d1                	li	a1,20
 2002c92:	8522                	mv	a0,s0
 2002c94:	fe9fe0ef          	jal	2001c7c <padto>
                job_text((uint16_t)(cx + 2), (uint16_t)(cy + 2), 1, c_text, c_bg, buf);
 2002c98:	018b8593          	addi	a1,s7,24
 2002c9c:	006c0513          	addi	a0,s8,6
 2002ca0:	87a2                	mv	a5,s0
 2002ca2:	01001737          	lui	a4,0x1001
 2002ca6:	15075703          	lhu	a4,336(a4) # 1001150 <c_bg>
 2002caa:	010016b7          	lui	a3,0x1001
 2002cae:	1526d683          	lhu	a3,338(a3) # 1001152 <c_text>
 2002cb2:	4605                	li	a2,1
 2002cb4:	05c2                	slli	a1,a1,0x10
 2002cb6:	81c1                	srli	a1,a1,0x10
 2002cb8:	0542                	slli	a0,a0,0x10
 2002cba:	8141                	srli	a0,a0,0x10
 2002cbc:	e9dfe0ef          	jal	2001b58 <job_text>
 2002cc0:	54d6                	lw	s1,116(sp)
 2002cc2:	5946                	lw	s2,112(sp)
 2002cc4:	59b6                	lw	s3,108(sp)
 2002cc6:	5b06                	lw	s6,96(sp)
 2002cc8:	4bf6                	lw	s7,92(sp)
 2002cca:	4c66                	lw	s8,88(sp)
 2002ccc:	4cd6                	lw	s9,84(sp)
 2002cce:	b0eff06f          	j	2001fdc <display_tick+0xa0>
                p = sapp(buf, nor_present() ? "VUOTA" : "NOR ASSENTE");
 2002cd2:	020035b7          	lui	a1,0x2003
 2002cd6:	27458593          	addi	a1,a1,628 # 2003274 <display_tick+0x1338>
 2002cda:	b77d                	j	2002c88 <display_tick+0xd4c>
 2002cdc:	daa6                	sw	s1,116(sp)
 2002cde:	d4d2                	sw	s4,104(sp)
            job_text((uint16_t)(cx + 4), cy, 1, c_text, c_bg, "EMESSI:");
 2002ce0:	008c0793          	addi	a5,s8,8
 2002ce4:	07c2                	slli	a5,a5,0x10
 2002ce6:	83c1                	srli	a5,a5,0x10
 2002ce8:	853e                	mv	a0,a5
 2002cea:	020037b7          	lui	a5,0x2003
 2002cee:	3a078793          	addi	a5,a5,928 # 20033a0 <display_tick+0x1464>
 2002cf2:	010014b7          	lui	s1,0x1001
 2002cf6:	1504d703          	lhu	a4,336(s1) # 1001150 <c_bg>
 2002cfa:	01001937          	lui	s2,0x1001
 2002cfe:	15295683          	lhu	a3,338(s2) # 1001152 <c_text>
 2002d02:	4605                	li	a2,1
 2002d04:	85e6                	mv	a1,s9
 2002d06:	89aa                	mv	s3,a0
 2002d08:	e51fe0ef          	jal	2001b58 <job_text>
            p = sappuk(buf, emit_em_count()); padto(buf, 7);
 2002d0c:	c87fd0ef          	jal	2000992 <emit_em_count>
 2002d10:	85aa                	mv	a1,a0
 2002d12:	0820                	addi	s0,sp,24
 2002d14:	8522                	mv	a0,s0
 2002d16:	f35fe0ef          	jal	2001c4a <sappuk>
 2002d1a:	459d                	li	a1,7
 2002d1c:	8522                	mv	a0,s0
 2002d1e:	f5ffe0ef          	jal	2001c7c <padto>
            job_text((uint16_t)(cx + 4), (uint16_t)(cy + 20), 2, c_main, c_bg, buf);
 2002d22:	02ab8593          	addi	a1,s7,42
 2002d26:	87a2                	mv	a5,s0
 2002d28:	1504d703          	lhu	a4,336(s1)
 2002d2c:	010016b7          	lui	a3,0x1001
 2002d30:	1546d683          	lhu	a3,340(a3) # 1001154 <c_main>
 2002d34:	4609                	li	a2,2
 2002d36:	05c2                	slli	a1,a1,0x10
 2002d38:	81c1                	srli	a1,a1,0x10
 2002d3a:	854e                	mv	a0,s3
 2002d3c:	e1dfe0ef          	jal	2001b58 <job_text>
            p = sapp(buf, "CODA "); p = sappu(p, emit_queue_len()); padto(buf, 13);
 2002d40:	020035b7          	lui	a1,0x2003
 2002d44:	3a858593          	addi	a1,a1,936 # 20033a8 <display_tick+0x146c>
 2002d48:	8522                	mv	a0,s0
 2002d4a:	e6ffe0ef          	jal	2001bb8 <sapp>
 2002d4e:	8a2a                	mv	s4,a0
 2002d50:	c4dfd0ef          	jal	200099c <emit_queue_len>
 2002d54:	85aa                	mv	a1,a0
 2002d56:	8552                	mv	a0,s4
 2002d58:	e7bfe0ef          	jal	2001bd2 <sappu>
 2002d5c:	45b5                	li	a1,13
 2002d5e:	8522                	mv	a0,s0
 2002d60:	f1dfe0ef          	jal	2001c7c <padto>
            job_text((uint16_t)(cx + 4), (uint16_t)(cy + 48), 1, c_text, c_bg, buf);
 2002d64:	046b8593          	addi	a1,s7,70
 2002d68:	87a2                	mv	a5,s0
 2002d6a:	1504d703          	lhu	a4,336(s1)
 2002d6e:	15295683          	lhu	a3,338(s2)
 2002d72:	4605                	li	a2,1
 2002d74:	05c2                	slli	a1,a1,0x10
 2002d76:	81c1                	srli	a1,a1,0x10
 2002d78:	854e                	mv	a0,s3
 2002d7a:	ddffe0ef          	jal	2001b58 <job_text>
            break;
 2002d7e:	54d6                	lw	s1,116(sp)
 2002d80:	5946                	lw	s2,112(sp)
 2002d82:	59b6                	lw	s3,108(sp)
 2002d84:	5a26                	lw	s4,104(sp)
 2002d86:	5b06                	lw	s6,96(sp)
 2002d88:	4bf6                	lw	s7,92(sp)
 2002d8a:	4c66                	lw	s8,88(sp)
 2002d8c:	4cd6                	lw	s9,84(sp)
 2002d8e:	a4eff06f          	j	2001fdc <display_tick+0xa0>
 2002d92:	daa6                	sw	s1,116(sp)
 2002d94:	d4d2                	sw	s4,104(sp)
 2002d96:	d2d6                	sw	s5,100(sp)
 2002d98:	c8ea                	sw	s10,80(sp)
 2002d9a:	c6ee                	sw	s11,76(sp)
 2002d9c:	010006b7          	lui	a3,0x1000
 2002da0:	46068693          	addi	a3,a3,1120 # 1000460 <g_sdram+0x20>
    switch (zone_content(z)) {
 2002da4:	8636                	mv	a2,a3
            int b1 = WB_LO, m1 = 0, b2 = WB_LO, m2 = 0;
 2002da6:	845a                	mv	s0,s6
 2002da8:	47c1                	li	a5,16
 2002daa:	8cbe                	mv	s9,a5
            for (int b = WB_LO; b <= WB_HI; b++) {
 2002dac:	85be                	mv	a1,a5
 2002dae:	03800513          	li	a0,56
 2002db2:	a029                	j	2002dbc <display_tick+0xe80>
 2002db4:	0585                	addi	a1,a1,1
 2002db6:	0609                	addi	a2,a2,2
 2002db8:	02a58063          	beq	a1,a0,2002dd8 <display_tick+0xe9c>
    return (v < 0) ? -(int)v : (int)v;
 2002dbc:	00061703          	lh	a4,0(a2)
 2002dc0:	873d                	srai	a4,a4,0xf
 2002dc2:	00065783          	lhu	a5,0(a2)
 2002dc6:	8fb9                	xor	a5,a5,a4
 2002dc8:	8f99                	sub	a5,a5,a4
 2002dca:	07c2                	slli	a5,a5,0x10
 2002dcc:	83c1                	srli	a5,a5,0x10
                if (a > m1) { m1 = a; b1 = b; }
 2002dce:	fef453e3          	bge	s0,a5,2002db4 <display_tick+0xe78>
 2002dd2:	843e                	mv	s0,a5
 2002dd4:	8cae                	mv	s9,a1
 2002dd6:	bff9                	j	2002db4 <display_tick+0xe78>
            int b1 = WB_LO, m1 = 0, b2 = WB_LO, m2 = 0;
 2002dd8:	47c1                	li	a5,16
 2002dda:	8d3e                	mv	s10,a5
            for (int b = WB_LO; b <= WB_HI; b++) {
 2002ddc:	873e                	mv	a4,a5
                if (b >= b1 - 2 && b <= b1 + 2) continue;
 2002dde:	ffec8513          	addi	a0,s9,-2
 2002de2:	002c8813          	addi	a6,s9,2
            for (int b = WB_LO; b <= WB_HI; b++) {
 2002de6:	03800593          	li	a1,56
 2002dea:	a015                	j	2002e0e <display_tick+0xed2>
    return (v < 0) ? -(int)v : (int)v;
 2002dec:	00069603          	lh	a2,0(a3)
 2002df0:	863d                	srai	a2,a2,0xf
 2002df2:	0006d783          	lhu	a5,0(a3)
 2002df6:	8fb1                	xor	a5,a5,a2
 2002df8:	8f91                	sub	a5,a5,a2
 2002dfa:	07c2                	slli	a5,a5,0x10
 2002dfc:	83c1                	srli	a5,a5,0x10
                if (a > m2) { m2 = a; b2 = b; }
 2002dfe:	00fb5463          	bge	s6,a5,2002e06 <display_tick+0xeca>
 2002e02:	8b3e                	mv	s6,a5
 2002e04:	8d3a                	mv	s10,a4
            for (int b = WB_LO; b <= WB_HI; b++) {
 2002e06:	0705                	addi	a4,a4,1
 2002e08:	0689                	addi	a3,a3,2
 2002e0a:	00b70763          	beq	a4,a1,2002e18 <display_tick+0xedc>
                if (b >= b1 - 2 && b <= b1 + 2) continue;
 2002e0e:	fca74fe3          	blt	a4,a0,2002dec <display_tick+0xeb0>
 2002e12:	fce84de3          	blt	a6,a4,2002dec <display_tick+0xeb0>
 2002e16:	bfc5                	j	2002e06 <display_tick+0xeca>
            p = sapp(buf, "B");  p = sappu(p, (uint32_t)b1);
 2002e18:	020034b7          	lui	s1,0x2003
 2002e1c:	3b048593          	addi	a1,s1,944 # 20033b0 <display_tick+0x1474>
 2002e20:	0828                	addi	a0,sp,24
 2002e22:	d97fe0ef          	jal	2001bb8 <sapp>
 2002e26:	8de6                	mv	s11,s9
 2002e28:	85e6                	mv	a1,s9
 2002e2a:	da9fe0ef          	jal	2001bd2 <sappu>
            p = sapp(p, " ");    p = sappu(p, (uint32_t)b1 * 46875u / 512u);
 2002e2e:	02003937          	lui	s2,0x2003
 2002e32:	3ac90593          	addi	a1,s2,940 # 20033ac <display_tick+0x1470>
 2002e36:	d83fe0ef          	jal	2001bb8 <sapp>
 2002e3a:	67ad                	lui	a5,0xb
 2002e3c:	71b78713          	addi	a4,a5,1819 # b71b <g_cols-0xff48e5>
 2002e40:	c63a                	sw	a4,12(sp)
 2002e42:	02ec85b3          	mul	a1,s9,a4
 2002e46:	81a5                	srli	a1,a1,0x9
 2002e48:	d8bfe0ef          	jal	2001bd2 <sappu>
            p = sapp(p, "HZ M"); p = sappu(p, (uint32_t)m1);
 2002e4c:	020039b7          	lui	s3,0x2003
 2002e50:	3b498593          	addi	a1,s3,948 # 20033b4 <display_tick+0x1478>
 2002e54:	d65fe0ef          	jal	2001bb8 <sapp>
 2002e58:	85a2                	mv	a1,s0
 2002e5a:	d79fe0ef          	jal	2001bd2 <sappu>
            padto(buf, 20);
 2002e5e:	45d1                	li	a1,20
 2002e60:	0828                	addi	a0,sp,24
 2002e62:	e1bfe0ef          	jal	2001c7c <padto>
            job_text((uint16_t)(cx + 2), (uint16_t)(cy + 2), 1, c_main, c_bg, buf);
 2002e66:	006c0793          	addi	a5,s8,6
 2002e6a:	07c2                	slli	a5,a5,0x10
 2002e6c:	83c1                	srli	a5,a5,0x10
 2002e6e:	8a3e                	mv	s4,a5
 2002e70:	010017b7          	lui	a5,0x1001
 2002e74:	1507d783          	lhu	a5,336(a5) # 1001150 <c_bg>
 2002e78:	8abe                	mv	s5,a5
 2002e7a:	018b8593          	addi	a1,s7,24
 2002e7e:	083c                	addi	a5,sp,24
 2002e80:	8756                	mv	a4,s5
 2002e82:	010016b7          	lui	a3,0x1001
 2002e86:	1546d683          	lhu	a3,340(a3) # 1001154 <c_main>
 2002e8a:	4605                	li	a2,1
 2002e8c:	05c2                	slli	a1,a1,0x10
 2002e8e:	81c1                	srli	a1,a1,0x10
 2002e90:	8552                	mv	a0,s4
 2002e92:	cc7fe0ef          	jal	2001b58 <job_text>
            p = sapp(buf, "B");  p = sappu(p, (uint32_t)b2);
 2002e96:	3b048593          	addi	a1,s1,944
 2002e9a:	083c                	addi	a5,sp,24
 2002e9c:	853e                	mv	a0,a5
 2002e9e:	d1bfe0ef          	jal	2001bb8 <sapp>
 2002ea2:	84ea                	mv	s1,s10
 2002ea4:	85ea                	mv	a1,s10
 2002ea6:	d2dfe0ef          	jal	2001bd2 <sappu>
            p = sapp(p, " ");    p = sappu(p, (uint32_t)b2 * 46875u / 512u);
 2002eaa:	3ac90593          	addi	a1,s2,940
 2002eae:	d0bfe0ef          	jal	2001bb8 <sapp>
 2002eb2:	46b2                	lw	a3,12(sp)
 2002eb4:	02dd05b3          	mul	a1,s10,a3
 2002eb8:	81a5                	srli	a1,a1,0x9
 2002eba:	d19fe0ef          	jal	2001bd2 <sappu>
            p = sapp(p, "HZ M"); p = sappu(p, (uint32_t)m2);
 2002ebe:	3b498593          	addi	a1,s3,948
 2002ec2:	cf7fe0ef          	jal	2001bb8 <sapp>
 2002ec6:	85da                	mv	a1,s6
 2002ec8:	d0bfe0ef          	jal	2001bd2 <sappu>
            padto(buf, 20);
 2002ecc:	45d1                	li	a1,20
 2002ece:	083c                	addi	a5,sp,24
 2002ed0:	853e                	mv	a0,a5
 2002ed2:	dabfe0ef          	jal	2001c7c <padto>
            job_text((uint16_t)(cx + 2), (uint16_t)(cy + 16), 1, c_text, c_bg, buf);
 2002ed6:	010017b7          	lui	a5,0x1001
 2002eda:	1527d783          	lhu	a5,338(a5) # 1001152 <c_text>
 2002ede:	893e                	mv	s2,a5
 2002ee0:	026b8593          	addi	a1,s7,38
 2002ee4:	083c                	addi	a5,sp,24
 2002ee6:	8756                	mv	a4,s5
 2002ee8:	86ca                	mv	a3,s2
 2002eea:	4605                	li	a2,1
 2002eec:	05c2                	slli	a1,a1,0x10
 2002eee:	81c1                	srli	a1,a1,0x10
 2002ef0:	8552                	mv	a0,s4
 2002ef2:	c67fe0ef          	jal	2001b58 <job_text>
static int near_bin(int b, int t) { return b >= t - 1 && b <= t + 1; }
 2002ef6:	febc8793          	addi	a5,s9,-21
                int mast = near_bin(b1, 22) || near_bin(b2, 22);
 2002efa:	4709                	li	a4,2
 2002efc:	00f77e63          	bgeu	a4,a5,2002f18 <display_tick+0xfdc>
static int near_bin(int b, int t) { return b >= t - 1 && b <= t + 1; }
 2002f00:	febd0793          	addi	a5,s10,-21
 2002f04:	0037b793          	sltiu	a5,a5,3
 2002f08:	fe7c8713          	addi	a4,s9,-25
                int slav = near_bin(b1, 26) || near_bin(b2, 26);
 2002f0c:	4689                	li	a3,2
 2002f0e:	00e6e663          	bltu	a3,a4,2002f1a <display_tick+0xfde>
 2002f12:	4705                	li	a4,1
 2002f14:	89ba                	mv	s3,a4
 2002f16:	a821                	j	2002f2e <display_tick+0xff2>
                int mast = near_bin(b1, 22) || near_bin(b2, 22);
 2002f18:	4785                	li	a5,1
static int near_bin(int b, int t) { return b >= t - 1 && b <= t + 1; }
 2002f1a:	fe748713          	addi	a4,s1,-25
 2002f1e:	00373713          	sltiu	a4,a4,3
 2002f22:	89ba                	mv	s3,a4
 2002f24:	fdbd8713          	addi	a4,s11,-37
                int d0 = near_bin(b1, 38) || near_bin(b2, 38) || near_bin(b1, 39) || near_bin(b2, 39);
 2002f28:	4689                	li	a3,2
 2002f2a:	0ee6fe63          	bgeu	a3,a4,2003026 <display_tick+0x10ea>
 2002f2e:	fdb48713          	addi	a4,s1,-37
 2002f32:	468d                	li	a3,3
 2002f34:	10e6f363          	bgeu	a3,a4,200303a <display_tick+0x10fe>
static int near_bin(int b, int t) { return b >= t - 1 && b <= t + 1; }
 2002f38:	fdad8693          	addi	a3,s11,-38
                int d0 = near_bin(b1, 38) || near_bin(b2, 38) || near_bin(b1, 39) || near_bin(b2, 39);
 2002f3c:	0036b693          	sltiu	a3,a3,3
static int near_bin(int b, int t) { return b >= t - 1 && b <= t + 1; }
 2002f40:	fd0d8713          	addi	a4,s11,-48
                int d1 = near_bin(b1, 49) || near_bin(b2, 49) || near_bin(b1, 50) || near_bin(b2, 50);
 2002f44:	4589                	li	a1,2
 2002f46:	4605                	li	a2,1
 2002f48:	00e5e763          	bltu	a1,a4,2002f56 <display_tick+0x101a>
static int near_bin(int b, int t) { return b >= t - 1 && b <= t + 1; }
 2002f4c:	fe148713          	addi	a4,s1,-31
 2002f50:	00373713          	sltiu	a4,a4,3
 2002f54:	a219                	j	200305a <display_tick+0x111e>
                int d1 = near_bin(b1, 49) || near_bin(b2, 49) || near_bin(b1, 50) || near_bin(b2, 50);
 2002f56:	fd048713          	addi	a4,s1,-48
 2002f5a:	458d                	li	a1,3
 2002f5c:	0ee5f963          	bgeu	a1,a4,200304e <display_tick+0x1112>
 2002f60:	a0dd                	j	2003046 <display_tick+0x110a>
 2002f62:	4605                	li	a2,1
                int d0 = near_bin(b1, 38) || near_bin(b2, 38) || near_bin(b1, 39) || near_bin(b2, 39);
 2002f64:	86b2                	mv	a3,a2
 2002f66:	b7dd                	j	2002f4c <display_tick+0x1010>
                p = sapp(p, slav ? "SLAVE" : (mast ? "MASTER" : "-"));
 2002f68:	020035b7          	lui	a1,0x2003
 2002f6c:	35c58593          	addi	a1,a1,860 # 200335c <display_tick+0x1420>
 2002f70:	a21d                	j	2003096 <display_tick+0x115a>
                p = sapp(p, ok ? "  OK" : "  KO");
 2002f72:	85d6                	mv	a1,s5
 2002f74:	c45fe0ef          	jal	2001bb8 <sapp>
                job_text((uint16_t)(cx + 4), (uint16_t)(cy + 4 + i * 18), 1,
 2002f78:	854a                	mv	a0,s2
 2002f7a:	7e000693          	li	a3,2016
 2002f7e:	083c                	addi	a5,sp,24
 2002f80:	01001737          	lui	a4,0x1001
 2002f84:	15075703          	lhu	a4,336(a4) # 1001150 <c_bg>
 2002f88:	4605                	li	a2,1
 2002f8a:	85a2                	mv	a1,s0
 2002f8c:	bcdfe0ef          	jal	2001b58 <job_text>
            for (int i = 0; i < 9; i++) {
 2002f90:	001b0793          	addi	a5,s6,1
 2002f94:	8b3e                	mv	s6,a5
 2002f96:	0449                	addi	s0,s0,18
 2002f98:	0442                	slli	s0,s0,0x10
 2002f9a:	8041                	srli	s0,s0,0x10
 2002f9c:	47a5                	li	a5,9
 2002f9e:	f4fb0863          	beq	s6,a5,20026ee <display_tick+0x7b2>
                p = sapp(buf, "S"); p = sappu(p, (uint32_t)i);
 2002fa2:	85d2                	mv	a1,s4
 2002fa4:	0828                	addi	a0,sp,24
 2002fa6:	c13fe0ef          	jal	2001bb8 <sapp>
 2002faa:	85da                	mv	a1,s6
 2002fac:	c27fe0ef          	jal	2001bd2 <sappu>
                int ok = (m >> i) & 1;
 2002fb0:	0169d7b3          	srl	a5,s3,s6
                p = sapp(p, ok ? "  OK" : "  KO");
 2002fb4:	8b85                	andi	a5,a5,1
 2002fb6:	ffd5                	bnez	a5,2002f72 <display_tick+0x1036>
 2002fb8:	020035b7          	lui	a1,0x2003
 2002fbc:	3c858593          	addi	a1,a1,968 # 20033c8 <display_tick+0x148c>
 2002fc0:	bf9fe0ef          	jal	2001bb8 <sapp>
                job_text((uint16_t)(cx + 4), (uint16_t)(cy + 4 + i * 18), 1,
 2002fc4:	854a                	mv	a0,s2
 2002fc6:	66c1                	lui	a3,0x10
 2002fc8:	80068693          	addi	a3,a3,-2048 # f800 <g_cols-0xff0800>
 2002fcc:	bf4d                	j	2002f7e <display_tick+0x1042>
                p = sapp(buf, "SIMBOLO ");
 2002fce:	0820                	addi	s0,sp,24
 2002fd0:	020035b7          	lui	a1,0x2003
 2002fd4:	3bc58593          	addi	a1,a1,956 # 20033bc <display_tick+0x1480>
 2002fd8:	8522                	mv	a0,s0
 2002fda:	bdffe0ef          	jal	2001bb8 <sapp>
                p = sapp(p, slav ? "SLAVE" : (mast ? "MASTER" : "-"));
 2002fde:	020035b7          	lui	a1,0x2003
 2002fe2:	3d858593          	addi	a1,a1,984 # 20033d8 <display_tick+0x149c>
 2002fe6:	bd3fe0ef          	jal	2001bb8 <sapp>
                padto(buf, 20);
 2002fea:	45d1                	li	a1,20
 2002fec:	8522                	mv	a0,s0
 2002fee:	c8ffe0ef          	jal	2001c7c <padto>
                job_text((uint16_t)(cx + 2), (uint16_t)(cy + 38), 1, c_text, c_bg, buf);
 2002ff2:	03cb8593          	addi	a1,s7,60
 2002ff6:	87a2                	mv	a5,s0
 2002ff8:	8756                	mv	a4,s5
 2002ffa:	86ca                	mv	a3,s2
 2002ffc:	4605                	li	a2,1
 2002ffe:	05c2                	slli	a1,a1,0x10
 2003000:	81c1                	srli	a1,a1,0x10
 2003002:	8552                	mv	a0,s4
 2003004:	b55fe0ef          	jal	2001b58 <job_text>
                job_text((uint16_t)(cx + cw / 2 - 6), (uint16_t)(cy + 54), 2,
 2003008:	47a2                	lw	a5,8(sp)
 200300a:	0017d513          	srli	a0,a5,0x1
 200300e:	ffec0793          	addi	a5,s8,-2
 2003012:	953e                	add	a0,a0,a5
 2003014:	0542                	slli	a0,a0,0x10
 2003016:	8141                	srli	a0,a0,0x10
 2003018:	04cb8593          	addi	a1,s7,76
 200301c:	05c2                	slli	a1,a1,0x10
 200301e:	81c1                	srli	a1,a1,0x10
 2003020:	02d00413          	li	s0,45
 2003024:	a86d                	j	20030de <display_tick+0x11a2>
                int d1 = near_bin(b1, 49) || near_bin(b2, 49) || near_bin(b1, 50) || near_bin(b2, 50);
 2003026:	fd048713          	addi	a4,s1,-48
 200302a:	468d                	li	a3,3
 200302c:	00e6e563          	bltu	a3,a4,2003036 <display_tick+0x10fa>
 2003030:	4605                	li	a2,1
                int d0 = near_bin(b1, 38) || near_bin(b2, 38) || near_bin(b1, 39) || near_bin(b2, 39);
 2003032:	86b2                	mv	a3,a2
 2003034:	bf21                	j	2002f4c <display_tick+0x1010>
 2003036:	4685                	li	a3,1
 2003038:	a039                	j	2003046 <display_tick+0x110a>
static int near_bin(int b, int t) { return b >= t - 1 && b <= t + 1; }
 200303a:	fd0d8713          	addi	a4,s11,-48
                int d1 = near_bin(b1, 49) || near_bin(b2, 49) || near_bin(b1, 50) || near_bin(b2, 50);
 200303e:	4689                	li	a3,2
 2003040:	f2e6f1e3          	bgeu	a3,a4,2002f62 <display_tick+0x1026>
                int d0 = near_bin(b1, 38) || near_bin(b2, 38) || near_bin(b1, 39) || near_bin(b2, 39);
 2003044:	4685                	li	a3,1
static int near_bin(int b, int t) { return b >= t - 1 && b <= t + 1; }
 2003046:	fcfd8613          	addi	a2,s11,-49
                int d1 = near_bin(b1, 49) || near_bin(b2, 49) || near_bin(b1, 50) || near_bin(b2, 50);
 200304a:	00363613          	sltiu	a2,a2,3
static int near_bin(int b, int t) { return b >= t - 1 && b <= t + 1; }
 200304e:	fe1d8513          	addi	a0,s11,-31
                int de = near_bin(b1, 32) || near_bin(b2, 32);
 2003052:	4589                	li	a1,2
 2003054:	4705                	li	a4,1
 2003056:	eea5ebe3          	bltu	a1,a0,2002f4c <display_tick+0x1010>
                char sym = (d0 ? 'A' : d1 ? 'B' : de ? 'C' : '-');
 200305a:	04100413          	li	s0,65
 200305e:	ee81                	bnez	a3,2003076 <display_tick+0x113a>
 2003060:	04200413          	li	s0,66
 2003064:	ea09                	bnez	a2,2003076 <display_tick+0x113a>
 2003066:	00173713          	seqz	a4,a4
 200306a:	40e00733          	neg	a4,a4
 200306e:	fea77413          	andi	s0,a4,-22
 2003072:	04340413          	addi	s0,s0,67
                if (!mast && !slav) sym = '-';
 2003076:	0137e7b3          	or	a5,a5,s3
 200307a:	dbb1                	beqz	a5,2002fce <display_tick+0x1092>
                p = sapp(buf, "SIMBOLO ");
 200307c:	020035b7          	lui	a1,0x2003
 2003080:	3bc58593          	addi	a1,a1,956 # 20033bc <display_tick+0x1480>
 2003084:	0828                	addi	a0,sp,24
 2003086:	b33fe0ef          	jal	2001bb8 <sapp>
                p = sapp(p, slav ? "SLAVE" : (mast ? "MASTER" : "-"));
 200308a:	020035b7          	lui	a1,0x2003
 200308e:	35458593          	addi	a1,a1,852 # 2003354 <display_tick+0x1418>
 2003092:	ec098be3          	beqz	s3,2002f68 <display_tick+0x102c>
 2003096:	b23fe0ef          	jal	2001bb8 <sapp>
                padto(buf, 20);
 200309a:	45d1                	li	a1,20
 200309c:	0828                	addi	a0,sp,24
 200309e:	bdffe0ef          	jal	2001c7c <padto>
                job_text((uint16_t)(cx + 2), (uint16_t)(cy + 38), 1, c_text, c_bg, buf);
 20030a2:	03cb8593          	addi	a1,s7,60
 20030a6:	083c                	addi	a5,sp,24
 20030a8:	8756                	mv	a4,s5
 20030aa:	86ca                	mv	a3,s2
 20030ac:	4605                	li	a2,1
 20030ae:	05c2                	slli	a1,a1,0x10
 20030b0:	81c1                	srli	a1,a1,0x10
 20030b2:	8552                	mv	a0,s4
 20030b4:	aa5fe0ef          	jal	2001b58 <job_text>
                job_text((uint16_t)(cx + cw / 2 - 6), (uint16_t)(cy + 54), 2,
 20030b8:	47a2                	lw	a5,8(sp)
 20030ba:	0017d513          	srli	a0,a5,0x1
 20030be:	ffec0793          	addi	a5,s8,-2
 20030c2:	953e                	add	a0,a0,a5
 20030c4:	0542                	slli	a0,a0,0x10
 20030c6:	8141                	srli	a0,a0,0x10
 20030c8:	04cb8593          	addi	a1,s7,76
 20030cc:	05c2                	slli	a1,a1,0x10
 20030ce:	81c1                	srli	a1,a1,0x10
 20030d0:	02d00793          	li	a5,45
 20030d4:	00f40563          	beq	s0,a5,20030de <display_tick+0x11a2>
 20030d8:	7e000793          	li	a5,2016
 20030dc:	893e                	mv	s2,a5
                buf[0] = sym; buf[1] = 0;
 20030de:	00810c23          	sb	s0,24(sp)
 20030e2:	00010ca3          	sb	zero,25(sp)
                job_text((uint16_t)(cx + cw / 2 - 6), (uint16_t)(cy + 54), 2,
 20030e6:	083c                	addi	a5,sp,24
 20030e8:	8756                	mv	a4,s5
 20030ea:	86ca                	mv	a3,s2
 20030ec:	4609                	li	a2,2
 20030ee:	a6bfe0ef          	jal	2001b58 <job_text>
        if (content_dirty & (1u << z)) { content_dirty &= (uint8_t)~(1u << z); emit_content(z); return; }
 20030f2:	54d6                	lw	s1,116(sp)
 20030f4:	5946                	lw	s2,112(sp)
 20030f6:	59b6                	lw	s3,108(sp)
 20030f8:	5a26                	lw	s4,104(sp)
 20030fa:	5a96                	lw	s5,100(sp)
 20030fc:	5b06                	lw	s6,96(sp)
 20030fe:	4bf6                	lw	s7,92(sp)
 2003100:	4c66                	lw	s8,88(sp)
 2003102:	4cd6                	lw	s9,84(sp)
 2003104:	4d46                	lw	s10,80(sp)
 2003106:	4db6                	lw	s11,76(sp)
 2003108:	ed5fe06f          	j	2001fdc <display_tick+0xa0>
 200310c:	54d6                	lw	s1,116(sp)
 200310e:	5946                	lw	s2,112(sp)
 2003110:	59b6                	lw	s3,108(sp)
 2003112:	5a26                	lw	s4,104(sp)
 2003114:	5a96                	lw	s5,100(sp)
 2003116:	5b06                	lw	s6,96(sp)
 2003118:	4bf6                	lw	s7,92(sp)
 200311a:	4c66                	lw	s8,88(sp)
 200311c:	4cd6                	lw	s9,84(sp)
 200311e:	4d46                	lw	s10,80(sp)
 2003120:	ebdfe06f          	j	2001fdc <display_tick+0xa0>
 2003124:	5946                	lw	s2,112(sp)
 2003126:	59b6                	lw	s3,108(sp)
 2003128:	5b06                	lw	s6,96(sp)
 200312a:	4bf6                	lw	s7,92(sp)
 200312c:	4c66                	lw	s8,88(sp)
 200312e:	4cd6                	lw	s9,84(sp)
 2003130:	eadfe06f          	j	2001fdc <display_tick+0xa0>
 2003134:	5946                	lw	s2,112(sp)
 2003136:	59b6                	lw	s3,108(sp)
 2003138:	5b06                	lw	s6,96(sp)
 200313a:	4bf6                	lw	s7,92(sp)
 200313c:	4c66                	lw	s8,88(sp)
 200313e:	4cd6                	lw	s9,84(sp)
 2003140:	e9dfe06f          	j	2001fdc <display_tick+0xa0>
 2003144:	54d6                	lw	s1,116(sp)
 2003146:	5946                	lw	s2,112(sp)
 2003148:	59b6                	lw	s3,108(sp)
 200314a:	5b06                	lw	s6,96(sp)
 200314c:	4bf6                	lw	s7,92(sp)
 200314e:	4c66                	lw	s8,88(sp)
 2003150:	4cd6                	lw	s9,84(sp)
 2003152:	e8bfe06f          	j	2001fdc <display_tick+0xa0>
 2003156:	5946                	lw	s2,112(sp)
 2003158:	59b6                	lw	s3,108(sp)
 200315a:	5b06                	lw	s6,96(sp)
 200315c:	e81fe06f          	j	2001fdc <display_tick+0xa0>
 2003160:	0a0d                	addi	s4,s4,3
 2003162:	54535953          	.insn	4, 0x54535953
 2003166:	4d45                	li	s10,17
 2003168:	5520                	lw	s0,104(a0)
 200316a:	2050                	.insn	2, 0x2050
 200316c:	3376                	.insn	2, 0x3376
 200316e:	2034                	.insn	2, 0x2034
 2003170:	6528                	.insn	2, 0x6528
 2003172:	322d666f          	jal	a2,20d9494 <_data_lma+0xd5e60>
 2003176:	3734                	.insn	2, 0x3734
 2003178:	2932                	.insn	2, 0x2932
 200317a:	0a0d                	addi	s4,s4,3
 200317c:	0000                	unimp
 200317e:	0000                	unimp
 2003180:	4f42                	lw	t5,16(sp)
 2003182:	4f20544f          	.insn	4, 0x4f20544f
 2003186:	4544004b          	.insn	4, 0x4544004b
 200318a:	3d6d2043          	.insn	4, 0x3d6d2043
 200318e:	0000                	unimp
 2003190:	6420                	.insn	2, 0x6420
 2003192:	003d                	c.nop	15
 2003194:	7320                	.insn	2, 0x7320
 2003196:	7365                	lui	t1,0xffff9
 2003198:	00003d73          	.insn	4, 0x3d73
 200319c:	6f20                	.insn	2, 0x6f20
 200319e:	00003d6b          	.insn	4, 0x3d6b
 20031a2:	0000                	unimp
 20031a4:	7420                	.insn	2, 0x7420
 20031a6:	00003d6f          	jal	s10,20061a6 <_data_lma+0x2b72>
 20031aa:	0000                	unimp
 20031ac:	4b50                	lw	a2,20(a4)
 20031ae:	6220                	.insn	2, 0x6220
 20031b0:	3d31                	jal	2002fcc <display_tick+0x1090>
 20031b2:	0000                	unimp
 20031b4:	6d20                	.insn	2, 0x6d20
 20031b6:	3d31                	jal	2002fd2 <display_tick+0x1096>
 20031b8:	0000                	unimp
 20031ba:	0000                	unimp
 20031bc:	6220                	.insn	2, 0x6220
 20031be:	3d32                	.insn	2, 0x3d32
 20031c0:	0000                	unimp
 20031c2:	0000                	unimp
 20031c4:	6d20                	.insn	2, 0x6d20
 20031c6:	3d32                	.insn	2, 0x3d32
 20031c8:	0000                	unimp
 20031ca:	0000                	unimp
 20031cc:	20535953          	.insn	4, 0x20535953
 20031d0:	706c                	.insn	2, 0x706c
 20031d2:	003d                	c.nop	15
 20031d4:	7220                	.insn	2, 0x7220
 20031d6:	3d78                	.insn	2, 0x3d78
 20031d8:	0000                	unimp
 20031da:	0000                	unimp
 20031dc:	6520                	.insn	2, 0x6520
 20031de:	3d6d                	jal	2003098 <display_tick+0x115c>
 20031e0:	0000                	unimp
 20031e2:	0000                	unimp
 20031e4:	7120                	.insn	2, 0x7120
 20031e6:	003d                	c.nop	15
 20031e8:	4341                	li	t1,16
 20031ea:	64722043          	.insn	4, 0x64722043
 20031ee:	3d79                	jal	200308c <display_tick+0x1150>
 20031f0:	0000                	unimp
 20031f2:	0000                	unimp
 20031f4:	7420                	.insn	2, 0x7420
 20031f6:	6972                	.insn	2, 0x6972
 20031f8:	00003d67          	.insn	4, 0x3d67
 20031fc:	6920                	.insn	2, 0x6920
 20031fe:	7172                	.insn	2, 0x7172
 2003200:	003d                	c.nop	15
 2003202:	0000                	unimp
 2003204:	6320                	.insn	2, 0x6320
 2003206:	3062                	.insn	2, 0x3062
 2003208:	003d                	c.nop	15
 200320a:	0000                	unimp
 200320c:	6320                	.insn	2, 0x6320
 200320e:	3162                	.insn	2, 0x3162
 2003210:	003d                	c.nop	15
 2003212:	0000                	unimp
 2003214:	6220                	.insn	2, 0x6220
 2003216:	6931                	lui	s2,0xc
 2003218:	3d78                	.insn	2, 0x3d78
 200321a:	0000                	unimp
 200321c:	414d                	li	sp,19
 200321e:	2058                	.insn	2, 0x2058
 2003220:	6962                	.insn	2, 0x6962
 2003222:	3d6e                	.insn	2, 0x3d6e
 2003224:	0000                	unimp
 2003226:	0000                	unimp
 2003228:	6d20                	.insn	2, 0x6d20
 200322a:	003d                	c.nop	15
 200322c:	6320                	.insn	2, 0x6320
 200322e:	7061                	c.lui	zero,0xffff8
 2003230:	003d                	c.nop	15
 2003232:	0000                	unimp
 2003234:	0046                	c.slli	zero,0x11
 2003236:	0000                	unimp
 2003238:	4e24                	lw	s1,88(a2)
 200323a:	6920524f          	.insn	4, 0x6920524f
 200323e:	696e                	.insn	2, 0x696e
 2003240:	0a74                	addi	a3,sp,284
 2003242:	0000                	unimp
 2003244:	4e24                	lw	s1,88(a2)
 2003246:	6b20524f          	.insn	4, 0x6b20524f
 200324a:	6469206f          	j	2095890 <_data_lma+0x9225c>
 200324e:	003d                	c.nop	15
 2003250:	4e24                	lw	s1,88(a2)
 2003252:	6f20524f          	.insn	4, 0x6f20524f
 2003256:	6469206b          	.insn	4, 0x6469206b
 200325a:	003d                	c.nop	15
 200325c:	6820                	.insn	2, 0x6820
 200325e:	3d64                	.insn	2, 0x3d64
 2003260:	0000                	unimp
 2003262:	0000                	unimp
 2003264:	6c20                	.insn	2, 0x6c20
 2003266:	00003d6b          	.insn	4, 0x3d6b
 200326a:	0000                	unimp
 200326c:	6420                	.insn	2, 0x6420
 200326e:	6762                	.insn	2, 0x6762
 2003270:	003d                	c.nop	15
 2003272:	0000                	unimp
 2003274:	4f4e                	lw	t5,208(sp)
 2003276:	2052                	.insn	2, 0x2052
 2003278:	5341                	li	t1,-16
 200327a:	544e4553          	.insn	4, 0x544e4553
 200327e:	0045                	c.nop	17
 2003280:	4f4e                	lw	t5,208(sp)
 2003282:	2052                	.insn	2, 0x2052
 2003284:	5250                	lw	a2,36(a2)
 2003286:	41544e4f          	.insn	4, 0x41544e4f
 200328a:	0000                	unimp
 200328c:	4f4e                	lw	t5,208(sp)
 200328e:	2052                	.insn	2, 0x2052
 2003290:	5041                	c.li	zero,-16
 2003292:	4550                	lw	a2,12(a0)
 2003294:	444e                	lw	s0,208(sp)
 2003296:	0000                	unimp
 2003298:	4f4e                	lw	t5,208(sp)
 200329a:	2052                	.insn	2, 0x2052
 200329c:	54544553          	.insn	4, 0x54544553
 20032a0:	4e49                	li	t3,18
 20032a2:	00005347          	.insn	4, 0x5347
 20032a6:	0000                	unimp
 20032a8:	4f4e                	lw	t5,208(sp)
 20032aa:	2052                	.insn	2, 0x2052
 20032ac:	41454c43          	.insn	4, 0x41454c43
 20032b0:	0052                	c.slli	zero,0x14
 20032b2:	0000                	unimp
 20032b4:	00003073          	.insn	4, 0x3073
 20032b8:	00003273          	.insn	4, 0x3273
 20032bc:	00003373          	.insn	4, 0x3373
 20032c0:	00003573          	.insn	4, 0x3573
 20032c4:	00003673          	.insn	4, 0x3673
 20032c8:	00003773          	.insn	4, 0x3773
 20032cc:	00003873          	.insn	4, 0x3873
 20032d0:	00003473          	.insn	4, 0x3473
 20032d4:	6f64                	.insn	2, 0x6f64
 20032d6:	656e                	.insn	2, 0x656e
 20032d8:	0000                	unimp
 20032da:	0000                	unimp
 20032dc:	4824                	lw	s1,80(s0)
 20032de:	544c                	lw	a1,44(s0)
 20032e0:	6d20                	.insn	2, 0x6d20
 20032e2:	003d                	c.nop	15
 20032e4:	6120                	.insn	2, 0x6120
 20032e6:	6364                	.insn	2, 0x6364
 20032e8:	003d                	c.nop	15
 20032ea:	0000                	unimp
 20032ec:	6620                	.insn	2, 0x6620
 20032ee:	7466                	.insn	2, 0x7466
 20032f0:	003d                	c.nop	15
 20032f2:	0000                	unimp
 20032f4:	6e20                	.insn	2, 0x6e20
 20032f6:	003d726f          	jal	tp,20daaf8 <_data_lma+0xd74c4>
 20032fa:	0000                	unimp
 20032fc:	0000004b          	.insn	4, 0x004b
 2003300:	56414c53          	.insn	4, 0x56414c53
 2003304:	5345                	li	t1,-15
 2003306:	0000                	unimp
 2003308:	5852                	lw	a6,52(sp)
 200330a:	5020                	lw	s0,96(s0)
 200330c:	0000544b          	.insn	4, 0x544b
 2003310:	41444e4f          	.insn	4, 0x41444e4f
 2003314:	0000                	unimp
 2003316:	0000                	unimp
 2003318:	5249                	li	tp,-14
 200331a:	2051                	jal	200339e <display_tick+0x1462>
 200331c:	4d44                	lw	s1,28(a0)
 200331e:	0041                	c.nop	16
 2003320:	454d                	li	a0,19
 2003322:	4f4d                	li	t5,19
 2003324:	4952                	lw	s2,20(sp)
 2003326:	0041                	c.nop	16
 2003328:	5854                	lw	a3,52(s0)
 200332a:	5020                	lw	s0,96(s0)
 200332c:	0000544b          	.insn	4, 0x544b
 2003330:	4550                	lw	a2,12(a0)
 2003332:	4b41                	li	s6,16
 2003334:	00000053          	.insn	4, 0x0053
 2003338:	2d2d                	jal	2003972 <_data_lma+0x33e>
 200333a:	002d                	c.nop	11
 200333c:	4f4e                	lw	t5,208(sp)
 200333e:	2052                	.insn	2, 0x2052
 2003340:	00004b4f          	.insn	4, 0x4b4f
 2003344:	4f4e                	lw	t5,208(sp)
 2003346:	2052                	.insn	2, 0x2052
 2003348:	00004f4b          	.insn	4, 0x4f4b
 200334c:	5556                	lw	a0,116(sp)
 200334e:	0041544f          	.insn	4, 0x0041544f
 2003352:	0000                	unimp
 2003354:	56414c53          	.insn	4, 0x56414c53
 2003358:	0045                	c.nop	17
 200335a:	0000                	unimp
 200335c:	414d                	li	sp,19
 200335e:	52455453          	.insn	4, 0x52455453
 2003362:	0000                	unimp
 2003364:	00000053          	.insn	4, 0x0053
 2003368:	4c55                	li	s8,21
 200336a:	4954                	lw	a3,20(a0)
 200336c:	4f4d                	li	t5,19
 200336e:	003a                	c.slli	zero,0xe
 2003370:	3d4e                	.insn	2, 0x3d4e
 2003372:	0000                	unimp
 2003374:	2e31                	jal	2003690 <_data_lma+0x5c>
 2003376:	2d35                	jal	20039b2 <_data_lma+0x37e>
 2003378:	4b35                	li	s6,13
 200337a:	5a48                	lw	a0,52(a2)
 200337c:	4220                	lw	s0,64(a2)
 200337e:	3631                	jal	2002e8a <display_tick+0xf4e>
 2003380:	352d                	jal	20031aa <display_tick+0x126e>
 2003382:	0035                	c.nop	13
 2003384:	4646                	lw	a2,80(sp)
 2003386:	2054                	.insn	2, 0x2054
 2003388:	4146                	lw	sp,80(sp)
 200338a:	5454                	lw	a3,44(s0)
 200338c:	3a45                	jal	2002d3c <display_tick+0xe00>
 200338e:	0000                	unimp
 2003390:	0000002b          	.insn	4, 0x002b
 2003394:	4e20                	lw	s0,88(a2)
 2003396:	4f55                	li	t5,21
 2003398:	4556                	lw	a0,84(sp)
 200339a:	0000                	unimp
 200339c:	00000023          	sb	zero,0(zero) # 0 <g_cols-0x1000000>
 20033a0:	4d45                	li	s10,17
 20033a2:	5345                	li	t1,-15
 20033a4:	003a4953          	.insn	4, 0x003a4953
 20033a8:	41444f43          	.insn	4, 0x41444f43
 20033ac:	0020                	addi	s0,sp,8
 20033ae:	0000                	unimp
 20033b0:	0042                	c.slli	zero,0x10
 20033b2:	0000                	unimp
 20033b4:	5a48                	lw	a0,52(a2)
 20033b6:	4d20                	lw	s0,88(a0)
 20033b8:	0000                	unimp
 20033ba:	0000                	unimp
 20033bc:	424d4953          	.insn	4, 0x424d4953
 20033c0:	204f4c4f          	.insn	4, 0x204f4c4f
 20033c4:	0000                	unimp
 20033c6:	0000                	unimp
 20033c8:	2020                	.insn	2, 0x2020
 20033ca:	00004f4b          	.insn	4, 0x4f4b
 20033ce:	0000                	unimp
 20033d0:	2020                	.insn	2, 0x2020
 20033d2:	00004b4f          	.insn	4, 0x4b4f
 20033d6:	0000                	unimp
 20033d8:	002d                	c.nop	11
	...

020033dc <DISP_BIN>:
 20033dc:	0016 0000 001b 0000 0027 0000 0032 0000     ........'...2...
 20033ec:	0020 0000                                    ...

020033f0 <H.2>:
 20033f0:	3130 3332 3534 3736 3938 4241 4443 4645     0123456789ABCDEF
 2003400:	0000 0000 1520 0200 151a 0200 151a 0200     .... ...........
 2003410:	151a 0200 146c 0200 14fe 0200 1570 0200     ....l.......p...
 2003420:	151a 0200 151a 0200 1330 0200 151a 0200     ........0.......
 2003430:	151a 0200 151a 0200 151a 0200 1448 0200     ............H...
 2003440:	151a 0200 13e2 0200 159c 0200               ............

0200344c <H.0>:
 200344c:	3130 3332 3534 3736 3938 4241 4443 4645     0123456789ABCDEF
 200345c:	0000 0000                                   ....

02003460 <H.1>:
 2003460:	3130 3332 3534 3736 3938 4241 4443 4645     0123456789ABCDEF
 2003470:	0000 0000                                   ....

02003474 <H.0>:
 2003474:	3130 3332 3534 3736 3938 4241 4443 4645     0123456789ABCDEF
 2003484:	0000 0000 263c 0200 25e6 0200 2646 0200     ....<&...%..F&..
 2003494:	260a 0200 2614 0200 261e 0200 2628 0200     .&...&...&..(&..
 20034a4:	2632 0200 3134 0200 26b8 0200 2756 0200     2&..41...&..V'..
 20034b4:	2812 0200 2964 0200 2a38 0200 2cdc 0200     .(..d)..8*...,..
 20034c4:	2d92 0200                                   .-..

020034c8 <iseq>:
 20034c8:	0001 0000 1196 0000 7800 013a 0055 360a     .........x:.U..6
 20034d8:	6001 0000 0021 0000 1300 0000 0a00 0029     .`..!.........).
 20034e8:	0000 0032                                   ..2.

020034ec <font5x7>:
 20034ec:	0000 0000 0000 5f00 0000 0700 0700 1400     ......._........
 20034fc:	147f 147f 2a24 2a7f 2312 0813 6264 4936     ....$*.*.#..db6I
 200350c:	2255 0050 0305 0000 1c00 4122 0000 2241     U"P......."A..A"
 200351c:	001c 2a08 2a1c 0808 3e08 0808 5000 0030     ...*.*...>...P0.
 200352c:	0800 0808 0808 6000 0060 2000 0810 0204     .......``.. ....
 200353c:	513e 4549 003e 7f42 0040 6142 4951 2146     >QIE>.B.@.BaQIF!
 200354c:	4541 314b 1418 7f12 2710 4545 3945 4a3c     AEK1.....'EEE9<J
 200355c:	4949 0130 0971 0305 4936 4949 0636 4949     II0.q...6III6.II
 200356c:	1e29 3600 0036 0000 3656 0000 0800 2214     )..66...V6....."
 200357c:	1441 1414 1414 2241 0814 0200 5101 0609     A.....A".....Q..
 200358c:	4932 4179 7e3e 1111 7e11 497f 4949 3e36     2IyA>~...~.III6>
 200359c:	4141 2241 417f 2241 7f1c 4949 4149 097f     AAA".AA"..IIIA..
 20035ac:	0909 3e01 4141 3251 087f 0808 007f 7f41     ...>AAQ2......A.
 20035bc:	0041 4020 3f41 7f01 1408 4122 407f 4040     A. @A?...."A.@@@
 20035cc:	7f40 0c02 7f02 047f 1008 3e7f 4141 3e41     @..........>AAA>
 20035dc:	097f 0909 3e06 5141 5e21 097f 2919 4646     .....>AQ!^...)FF
 20035ec:	4949 3149 0101 017f 3f01 4040 3f40 201f     III1.....?@@@?. 
 20035fc:	2040 7f1f 1820 7f20 1463 1408 0763 7008     @ .. . .c...c..p
 200360c:	0708 5161 4549 0043                         ..aQIEC.

02003614 <ZR>:
 2003614:	0000 0000 0060 00f0 0060 0000 0080 0078     ....`...`.....x.
 2003624:	0060 0078 0080 0078 00e0 0000 0060 00f0     `.x...x.....`...
